KAF8069442_1_EUK_EF2_unrelaxed_rank_001_alphafold2_ptm_model_3_seed_000	KAF8069442
XP_042123489_EUK_EF2_unrelaxed_rank_001_alphafold2_ptm_model_2_seed_000	XP_0421234
MCQ2816374_1_ARC_HUNKNOWN_unrelaxed_rank_001_alphafold2_ptm_model_3_seed_000	MCQ2816374
RYH14994_1_ARC_HUNKNOWN_unrelaxed_rank_001_alphafold2_ptm_model_3_seed_000	RYH14994_1
KAJ1060071_1_EUK_HUNKNOWN_unrelaxed_rank_001_alphafold2_ptm_model_5_seed_000	KAJ1060071
OWK11680_1_EUK_EF2_unrelaxed_rank_001_alphafold2_ptm_model_5_seed_000	OWK11680_1
KAF4014764_1_EUK_HUNKNOWN_unrelaxed_rank_001_alphafold2_ptm_model_5_seed_000	KAF4014764
KAJ8792930_1_EUK_HUNKNOWN_unrelaxed_rank_001_alphafold2_ptm_model_5_seed_000	KAJ8792930
XP_057345808_EUK_EF2_unrelaxed_rank_001_alphafold2_ptm_model_5_seed_000	XP_0573458
KFO28843_1_EUK_EF2_unrelaxed_rank_001_alphafold2_ptm_model_5_seed_000	KFO28843_1
XP_042638269_EUK_EF2_unrelaxed_rank_001_alphafold2_ptm_model_5_seed_000	XP_0426382
EQB77607_1_EUK_EF2_unrelaxed_rank_001_alphafold2_ptm_model_5_seed_000	EQB77607_1
EGW03135_1_EUK_EF2_unrelaxed_rank_001_alphafold2_ptm_model_5_seed_000	EGW03135_1
KAF3829591_1_EUK_HUNKNOWN_unrelaxed_rank_001_alphafold2_ptm_model_5_seed_000	KAF3829591
CAH91767_1_EUK_HUNKNOWN_unrelaxed_rank_001_alphafold2_ptm_model_5_seed_000	CAH91767_1
NP_001171973_EUK_EF2_unrelaxed_rank_001_alphafold2_ptm_model_5_seed_000	NP_0011719
XP_012878234_EUK_EF2_unrelaxed_rank_001_alphafold2_ptm_model_5_seed_000	XP_0128782
XP_005405876_EUK_EF2_unrelaxed_rank_001_alphafold2_ptm_model_5_seed_000	XP_0054058
XP_032990197_EUK_EF2_unrelaxed_rank_001_alphafold2_ptm_model_5_seed_000	XP_0329901
XP_012501694_EUK_EF2_unrelaxed_rank_001_alphafold2_ptm_model_5_seed_000	XP_0125016
XP_062040998_EUK_EF2_unrelaxed_rank_001_alphafold2_ptm_model_5_seed_000	XP_0620409
KAG8519093_1_EUK_EF2_unrelaxed_rank_001_alphafold2_ptm_model_5_seed_000	KAG8519093
XP_004277254_EUK_EF2_unrelaxed_rank_001_alphafold2_ptm_model_5_seed_000	XP_0042772
XP_003354050_EUK_EF2_unrelaxed_rank_001_alphafold2_ptm_model_5_seed_000	XP_0033540
XP_004865837_EUK_EF2_unrelaxed_rank_001_alphafold2_ptm_model_5_seed_000	XP_0048658
XP_010633134_EUK_EF2_unrelaxed_rank_001_alphafold2_ptm_model_5_seed_000	XP_0106331
KAF1318694_1_EUK_EF2_unrelaxed_rank_001_alphafold2_ptm_model_2_seed_000	KAF1318694
TDH65335_1_EUK_HUNKNOWN_unrelaxed_rank_001_alphafold2_ptm_model_2_seed_000	TDH65335_1
RYY33872_1_ARC_HUNKNOWN_unrelaxed_rank_001_alphafold2_ptm_model_3_seed_000	RYY33872_1
RYG69930_1_ARC_HUNKNOWN_unrelaxed_rank_001_alphafold2_ptm_model_5_seed_000	RYG69930_1
DBA01072_1_EUK_HUNKNOWN_unrelaxed_rank_001_alphafold2_ptm_model_5_seed_000	DBA01072_1
KAJ0406923_1_EUK_HUNKNOWN_unrelaxed_rank_001_alphafold2_ptm_model_5_seed_000	KAJ0406923
GMF40169_1_EUK_HUNKNOWN_unrelaxed_rank_001_alphafold2_ptm_model_5_seed_000	GMF40169_1
XP_008891756_EUK_EF2_unrelaxed_rank_001_alphafold2_ptm_model_5_seed_000	XP_0088917
KAG3101470_1_EUK_EF2_unrelaxed_rank_001_alphafold2_ptm_model_5_seed_000	KAG3101470
KAG6962638_1_EUK_HUNKNOWN_unrelaxed_rank_001_alphafold2_ptm_model_5_seed_000	KAG6962638
KAF4046445_1_EUK_EF2_unrelaxed_rank_001_alphafold2_ptm_model_5_seed_000	KAF4046445
KAG2789134_1_EUK_EF2_unrelaxed_rank_001_alphafold2_ptm_model_5_seed_000	KAG2789134
KAF1794569_1_EUK_HUNKNOWN_unrelaxed_rank_001_alphafold2_ptm_model_5_seed_000	KAF1794569
XP_002901743_EUK_EF2_unrelaxed_rank_001_alphafold2_ptm_model_5_seed_000	XP_0029017
3J7P_4_EUK_EF2_unrelaxed_rank_001_alphafold2_ptm_model_5_seed_000	3J7P_4_EUK
XP_001515708_EUK_EF2_unrelaxed_rank_001_alphafold2_ptm_model_5_seed_000	XP_0015157
XP_003760626_EUK_EF2_unrelaxed_rank_001_alphafold2_ptm_model_5_seed_000	XP_0037606
XP_038626591_EUK_EF2_unrelaxed_rank_001_alphafold2_ptm_model_5_seed_000	XP_0386265
GJQ11278_1_EUK_HUNKNOWN_unrelaxed_rank_001_alphafold2_ptm_model_5_seed_000	GJQ11278_1
XP_005703879_EUK_EF2_unrelaxed_rank_001_alphafold2_ptm_model_5_seed_000	XP_0057038
KAK4527426_1_EUK_HUNKNOWN_unrelaxed_rank_001_alphafold2_ptm_model_2_seed_000	KAK4527426
KAI5054895_1_EUK_HUNKNOWN_unrelaxed_rank_001_alphafold2_ptm_model_2_seed_000	KAI5054895
MCO5605770_1_EUK_HUNKNOWN_unrelaxed_rank_001_alphafold2_ptm_model_2_seed_000	MCO5605770
KAG6550582_1_EUK_HUNKNOWN_unrelaxed_rank_001_alphafold2_ptm_model_2_seed_000	KAG6550582
KAJ7551816_1_EUK_HUNKNOWN_unrelaxed_rank_001_alphafold2_ptm_model_2_seed_000	KAJ7551816
KAI3408730_1_EUK_HUNKNOWN_unrelaxed_rank_001_alphafold2_ptm_model_2_seed_000	KAI3408730
KAK4787490_1_EUK_HUNKNOWN_unrelaxed_rank_001_alphafold2_ptm_model_2_seed_000	KAK4787490
XP_008456445_EUK_EF2_unrelaxed_rank_001_alphafold2_ptm_model_2_seed_000	XP_0084564
KAI4323183_1_EUK_HUNKNOWN_unrelaxed_rank_001_alphafold2_ptm_model_2_seed_000	KAI4323183
KAJ4726646_1_EUK_EF2_unrelaxed_rank_001_alphafold2_ptm_model_2_seed_000	KAJ4726646
CAI0555606_1_EUK_HUNKNOWN_unrelaxed_rank_001_alphafold2_ptm_model_2_seed_000	CAI0555606
KAF3956387_1_EUK_HUNKNOWN_unrelaxed_rank_001_alphafold2_ptm_model_2_seed_000	KAF3956387
CAI0450405_1_EUK_HUNKNOWN_unrelaxed_rank_001_alphafold2_ptm_model_5_seed_000	CAI0450405
KAF6258334_1_EUK_EF1_unrelaxed_rank_001_alphafold2_ptm_model_5_seed_000	KAF6258334
KAH7297697_1_EUK_HUNKNOWN_unrelaxed_rank_001_alphafold2_ptm_model_5_seed_000	KAH7297697
CAD1833975_1_EUK_HUNKNOWN_unrelaxed_rank_001_alphafold2_ptm_model_3_seed_000	CAD1833975
XP_021676573_EUK_EF2_unrelaxed_rank_001_alphafold2_ptm_model_3_seed_000	XP_0216765
XP_020098537_EUK_EF2_unrelaxed_rank_001_alphafold2_ptm_model_5_seed_000	XP_0200985
XP_020689324_EUK_EF2_unrelaxed_rank_001_alphafold2_ptm_model_5_seed_000	XP_0206893
XP_031482814_EUK_EF2_unrelaxed_rank_001_alphafold2_ptm_model_5_seed_000	XP_0314828
XP_011083633_EUK_EF2_unrelaxed_rank_001_alphafold2_ptm_model_5_seed_000	XP_0110836
XP_011095694_EUK_EF2_unrelaxed_rank_001_alphafold2_ptm_model_5_seed_000	XP_0110956
CAJ1958098_1_EUK_HUNKNOWN_unrelaxed_rank_001_alphafold2_ptm_model_5_seed_000	CAJ1958098
XP_004619485_EUK_EF2_unrelaxed_rank_001_alphafold2_ptm_model_5_seed_000	XP_0046194
XP_024601556_EUK_EF2_unrelaxed_rank_001_alphafold2_ptm_model_5_seed_000	XP_0246015
XP_025875237_EUK_EF2_unrelaxed_rank_001_alphafold2_ptm_model_5_seed_000	XP_0258752
ELR56230_1_EUK_EF2_unrelaxed_rank_001_alphafold2_ptm_model_5_seed_000	ELR56230_1
XP_017362880_EUK_EF2_unrelaxed_rank_001_alphafold2_ptm_model_5_seed_000	XP_0173628
XP_022412955_EUK_EF2_unrelaxed_rank_001_alphafold2_ptm_model_5_seed_000	XP_0224129
XP_057564938_EUK_EF2_unrelaxed_rank_001_alphafold2_ptm_model_5_seed_000	XP_0575649
XP_012624751_EUK_EF2_unrelaxed_rank_001_alphafold2_ptm_model_5_seed_000	XP_0126247
XP_049732374_EUK_EF2_unrelaxed_rank_001_alphafold2_ptm_model_5_seed_000	XP_0497323
NP_031933_EUK_EF2_unrelaxed_rank_001_alphafold2_ptm_model_5_seed_000	NP_031933_
XP_021504581_EUK_EF2_unrelaxed_rank_001_alphafold2_ptm_model_5_seed_000	XP_0215045
BAE38881_1_EUK_HUNKNOWN_unrelaxed_rank_001_alphafold2_ptm_model_5_seed_000	BAE38881_1
NP_001125547_EUK_EF2_unrelaxed_rank_001_alphafold2_ptm_model_5_seed_000	NP_0011255
XP_049643928_EUK_EF2_unrelaxed_rank_001_alphafold2_ptm_model_5_seed_000	XP_0496439
NP_001952_EUK_EF2_unrelaxed_rank_001_alphafold2_ptm_model_5_seed_000	NP_001952_
XP_011746037_EUK_EF2_unrelaxed_rank_001_alphafold2_ptm_model_5_seed_000	XP_0117460
7OYD_v_EUK_EF2_unrelaxed_rank_001_alphafold2_ptm_model_3_seed_000	7OYD_v_EUK
BAE39328_1_EUK_HUNKNOWN_unrelaxed_rank_001_alphafold2_ptm_model_3_seed_000	BAE39328_1
3AGQ_A_DUNKNOWN2_EF1_unrelaxed_rank_001_alphafold2_ptm_model_3_seed_000	3AGQ_A_DUN
AAT01102_1_DUNKNOWN2_EF1_unrelaxed_rank_001_alphafold2_ptm_model_3_seed_000	AAT01102_1
OWK57711_1_EUK_EF1_unrelaxed_rank_001_alphafold2_ptm_model_3_seed_000	OWK57711_1
POF17373_1_EUK_EF1_unrelaxed_rank_001_alphafold2_ptm_model_3_seed_000	POF17373_1
ESL09377_1_EUK_EF1_unrelaxed_rank_001_alphafold2_ptm_model_4_seed_000	ESL09377_1
ESL10875_1_EUK_EF1_unrelaxed_rank_001_alphafold2_ptm_model_3_seed_000	ESL10875_1
ESL06743_1_EUK_EF1_unrelaxed_rank_001_alphafold2_ptm_model_3_seed_000	ESL06743_1
KAD0455667_1_EUK_HUNKNOWN_unrelaxed_rank_001_alphafold2_ptm_model_3_seed_000	KAD0455667
POE88209_1_EUK_EF1_unrelaxed_rank_001_alphafold2_ptm_model_3_seed_000	POE88209_1
PSD77825_1_BAC_EF1_unrelaxed_rank_001_alphafold2_ptm_model_3_seed_000	PSD77825_1
PSD99292_1_BAC_EF1_unrelaxed_rank_001_alphafold2_ptm_model_3_seed_000	PSD99292_1
PSD87210_1_BAC_EF1_unrelaxed_rank_001_alphafold2_ptm_model_3_seed_000	PSD87210_1
HCS9044120_1_BAC_EF1_unrelaxed_rank_001_alphafold2_ptm_model_3_seed_000	HCS9044120
XP_039110203_EUK_EF1_unrelaxed_rank_001_alphafold2_ptm_model_3_seed_000	XP_0391102
HCS8792266_1_BAC_EF1_unrelaxed_rank_001_alphafold2_ptm_model_3_seed_000	HCS8792266
WP_288145769_BAC_EF1_unrelaxed_rank_001_alphafold2_ptm_model_3_seed_000	WP_2881457
XP_006089394_EUK_EF1_unrelaxed_rank_001_alphafold2_ptm_model_3_seed_000	XP_0060893
XP_060994189_EUK_EF1_unrelaxed_rank_001_alphafold2_ptm_model_3_seed_000	XP_0609900
XP_012372792_EUK_EF1_unrelaxed_rank_001_alphafold2_ptm_model_3_seed_000	XP_0123727
AAH71841_1_EUK_EF1_unrelaxed_rank_001_alphafold2_ptm_model_3_seed_000	AAH71841_1
KAG5211817_1_EUK_HUNKNOWN_unrelaxed_rank_001_alphafold2_ptm_model_3_seed_000	KAG5211817
XP_005347640_EUK_EF1_unrelaxed_rank_001_alphafold2_ptm_model_3_seed_000	XP_0053476
XP_047598558_EUK_EF1_unrelaxed_rank_001_alphafold2_ptm_model_3_seed_000	XP_0475985
WP_083053111_BAC_EF1_unrelaxed_rank_001_alphafold2_ptm_model_4_seed_000	WP_0830531
ASZ85176_1_EUK_EF1_unrelaxed_rank_001_alphafold2_ptm_model_3_seed_000	ASZ85176_1
XP_009240413_EUK_EF1_unrelaxed_rank_001_alphafold2_ptm_model_3_seed_000	XP_0092404
5LZS_jj_EUK_EF1_unrelaxed_rank_001_alphafold2_ptm_model_3_seed_000	5LZS_jj_EU
BAK62491_1_EUK_EF1_unrelaxed_rank_001_alphafold2_ptm_model_3_seed_000	BAK62491_1
AAI05316_1_EUK_EF1_unrelaxed_rank_001_alphafold2_ptm_model_3_seed_000	AAI05316_1
MCW4574110_1_BAC_EF1_unrelaxed_rank_001_alphafold2_ptm_model_3_seed_000	MCW4574110
XP_037702804_EUK_EF1_unrelaxed_rank_001_alphafold2_ptm_model_3_seed_000	XP_0377028
NP_001126911_EUK_EF1_unrelaxed_rank_001_alphafold2_ptm_model_3_seed_000	NP_0011269
NVH43669_1_BAC_EF1_unrelaxed_rank_001_alphafold2_ptm_model_3_seed_000	NVH43669_1
XP_043339170_EUK_EF1_unrelaxed_rank_001_alphafold2_ptm_model_3_seed_000	XP_0433391
XP_054114216_EUK_EF1_unrelaxed_rank_001_alphafold2_ptm_model_3_seed_000	XP_0541142
CAD7681731_1_EUK_HUNKNOWN_unrelaxed_rank_001_alphafold2_ptm_model_3_seed_000	CAD7681731
BAK63962_1_EUK_EF1_unrelaxed_rank_001_alphafold2_ptm_model_3_seed_000	BAK63962_1
NP_001308445_EUK_EF1_unrelaxed_rank_001_alphafold2_ptm_model_3_seed_000	NP_0013084
AOH95249_1_EUK_EF1_unrelaxed_rank_001_alphafold2_ptm_model_3_seed_000	AOH95249_1
KAI4576741_1_EUK_HUNKNOWN_unrelaxed_rank_001_alphafold2_ptm_model_3_seed_000	KAI4576741
MBZ3874452_1_EUK_EF1_unrelaxed_rank_001_alphafold2_ptm_model_3_seed_000	MBZ3874452
MCX7555214_1_BAC_EF1_unrelaxed_rank_001_alphafold2_ptm_model_3_seed_000	MCX7555214
WP_087674308_BAC_EF1_unrelaxed_rank_001_alphafold2_ptm_model_3_seed_000	WP_0876743
XP_055418204_EUK_EF1_unrelaxed_rank_001_alphafold2_ptm_model_3_seed_000	XP_0554182
XP_007515831_EUK_EF1_unrelaxed_rank_001_alphafold2_ptm_model_3_seed_000	XP_0075158
XP_032730008_EUK_EF1_unrelaxed_rank_001_alphafold2_ptm_model_3_seed_000	XP_0327300
XP_036103578_EUK_EF1_unrelaxed_rank_001_alphafold2_ptm_model_3_seed_000	XP_0361035
XP_037693458_EUK_EF1_unrelaxed_rank_001_alphafold2_ptm_model_3_seed_000	XP_0376934
XP_043310047_EUK_EF1_unrelaxed_rank_001_alphafold2_ptm_model_3_seed_000	XP_0433100
BAE30434_1_EUK_HUNKNOWN_unrelaxed_rank_001_alphafold2_ptm_model_3_seed_000	BAE30434_1
XP_004270159_EUK_EF1_unrelaxed_rank_001_alphafold2_ptm_model_3_seed_000	XP_0042701
WP_251282124_BAC_EF1_unrelaxed_rank_001_alphafold2_ptm_model_3_seed_000	WP_2512821
WP_288170920_BAC_EF1_unrelaxed_rank_001_alphafold2_ptm_model_3_seed_000	WP_2881709
XP_010347515_EUK_EF1_unrelaxed_rank_001_alphafold2_ptm_model_3_seed_000	XP_0103475
BAD96235_1_EUK_EF1_unrelaxed_rank_001_alphafold2_ptm_model_3_seed_000	BAD96235_1
XP_044767246_EUK_EF1_unrelaxed_rank_001_alphafold2_ptm_model_3_seed_000	XP_0447672
XP_001138897_EUK_EF1_unrelaxed_rank_001_alphafold2_ptm_model_3_seed_000	XP_0011388
MBY8978391_1_BAC_EF1_unrelaxed_rank_001_alphafold2_ptm_model_3_seed_000	MBY8978391
MCX2185806_1_BAC_EF1_unrelaxed_rank_001_alphafold2_ptm_model_3_seed_000	MCX2185806
WP_282731759_BAC_EF1_unrelaxed_rank_001_alphafold2_ptm_model_3_seed_000	WP_2827317
WP_282744710_BAC_EF1_unrelaxed_rank_001_alphafold2_ptm_model_3_seed_000	WP_2827447
WP_163038402_BAC_EF1_unrelaxed_rank_001_alphafold2_ptm_model_2_seed_000	WP_1630384
XP_011795662_EUK_EF1_unrelaxed_rank_001_alphafold2_ptm_model_2_seed_000	XP_0117956
MCW1926666_1_BAC_EF1_unrelaxed_rank_001_alphafold2_ptm_model_2_seed_000	MCW1926666
XP_054968538_EUK_EF1_unrelaxed_rank_001_alphafold2_ptm_model_2_seed_000	XP_0549685
WP_272683168_BAC_EF1_unrelaxed_rank_001_alphafold2_ptm_model_2_seed_000	WP_2726831
XP_008577117_EUK_EF1_unrelaxed_rank_001_alphafold2_ptm_model_2_seed_000	XP_0085771
WP_094948604_BAC_EF1_unrelaxed_rank_001_alphafold2_ptm_model_2_seed_000	WP_0949486
XP_004381436_EUK_EF1_unrelaxed_rank_001_alphafold2_ptm_model_2_seed_000	XP_0043814
AAX36933_1_DUNKNOWN2_EF1_unrelaxed_rank_001_alphafold2_ptm_model_3_seed_000	AAX36933_1
NP_001075250_EUK_EF1_unrelaxed_rank_001_alphafold2_ptm_model_3_seed_000	NP_0010752
XP_006168380_EUK_EF1_unrelaxed_rank_001_alphafold2_ptm_model_3_seed_000	XP_0061683
XP_034965503_EUK_EF1_unrelaxed_rank_001_alphafold2_ptm_model_3_seed_000	XP_0349655
XP_039334905_EUK_EF1_unrelaxed_rank_001_alphafold2_ptm_model_3_seed_000	XP_0393349
XP_003769255_EUK_EF1_unrelaxed_rank_001_alphafold2_ptm_model_3_seed_000	XP_0037692
XP_010849567_EUK_EF1_unrelaxed_rank_001_alphafold2_ptm_model_3_seed_000	XP_0108495
KAF4011838_1_EUK_HUNKNOWN_unrelaxed_rank_001_alphafold2_ptm_model_3_seed_000	KAF4011838
XP_042785927_EUK_EF1_unrelaxed_rank_001_alphafold2_ptm_model_3_seed_000	XP_0427859
XP_035584458_EUK_EF1_unrelaxed_rank_001_alphafold2_ptm_model_2_seed_000	XP_0355844
XP_052502406_EUK_EF1_unrelaxed_rank_001_alphafold2_ptm_model_2_seed_000	XP_0525024
XP_054523806_EUK_EF1_unrelaxed_rank_001_alphafold2_ptm_model_2_seed_000	XP_0545238
CAD7688850_1_EUK_HUNKNOWN_unrelaxed_rank_001_alphafold2_ptm_model_2_seed_000	CAD7688850
XP_009000156_EUK_EF1_unrelaxed_rank_001_alphafold2_ptm_model_2_seed_000	XP_0090001
XP_050612181_EUK_EF1_unrelaxed_rank_001_alphafold2_ptm_model_2_seed_000	XP_0506121
BAD96766_1_EUK_EF1_unrelaxed_rank_001_alphafold2_ptm_model_2_seed_000	BAD96766_1
PXX94332_1_BAC_EF1_unrelaxed_rank_001_alphafold2_ptm_model_2_seed_000	PXX94332_1
XP_061013943_EUK_EF1_unrelaxed_rank_001_alphafold2_ptm_model_2_seed_000	XP_0610139
CAI29710_1_EUK_HUNKNOWN_unrelaxed_rank_001_alphafold2_ptm_model_2_seed_000	CAI29710_1
XP_040097461_EUK_EF1_unrelaxed_rank_001_alphafold2_ptm_model_2_seed_000	XP_0400974
XP_001365660_EUK_EF1_unrelaxed_rank_001_alphafold2_ptm_model_2_seed_000	XP_0013656
XP_062065230_EUK_EF1_unrelaxed_rank_001_alphafold2_ptm_model_2_seed_000	XP_0620652
AAH71727_1_EUK_EF1_unrelaxed_rank_001_alphafold2_ptm_model_2_seed_000	AAH71727_1
XP_024587626_EUK_EF1_unrelaxed_rank_001_alphafold2_ptm_model_2_seed_000	XP_0245876
XP_025863156_EUK_EF1_unrelaxed_rank_001_alphafold2_ptm_model_2_seed_000	XP_0258631
XP_059978935_EUK_EF1_unrelaxed_rank_001_alphafold2_ptm_model_2_seed_000	XP_0599789
CAD7672276_1_EUK_HUNKNOWN_unrelaxed_rank_001_alphafold2_ptm_model_2_seed_000	CAD7672276
XP_039324106_EUK_EF1_unrelaxed_rank_001_alphafold2_ptm_model_2_seed_000	XP_0393241
BAE39863_1_EUK_HUNKNOWN_unrelaxed_rank_001_alphafold2_ptm_model_2_seed_000	BAE39863_1
XP_006020539_EUK_EF1_unrelaxed_rank_001_alphafold2_ptm_model_2_seed_000	XP_0060205
XP_043747259_EUK_EF1_unrelaxed_rank_001_alphafold2_ptm_model_2_seed_000	XP_0437472
KAI4585180_1_EUK_HUNKNOWN_unrelaxed_rank_001_alphafold2_ptm_model_2_seed_000	KAI4585180
BAJ92831_1_EUK_HUNKNOWN_unrelaxed_rank_001_alphafold2_ptm_model_3_seed_000	BAJ92831_1
MCO5566185_1_EUK_HUNKNOWN_unrelaxed_rank_001_alphafold2_ptm_model_2_seed_000	MCO5566185
MCT5295033_1_BAC_EF1_unrelaxed_rank_001_alphafold2_ptm_model_3_seed_000	MCT5295033
BAJ90196_1_EUK_HUNKNOWN_unrelaxed_rank_001_alphafold2_ptm_model_3_seed_000	BAJ90196_1
MBQ5153851_1_BAC_EF1_unrelaxed_rank_001_alphafold2_ptm_model_3_seed_000	MBQ5153851
MCV2423669_1_BAC_EF1_unrelaxed_rank_001_alphafold2_ptm_model_3_seed_000	MCV2423669
MDK0628334_1_BAC_EF1_unrelaxed_rank_001_alphafold2_ptm_model_3_seed_000	MDK0628334
MCI7479147_1_BAC_EF1_unrelaxed_rank_001_alphafold2_ptm_model_3_seed_000	MCI7479147
WP_208913927_BAC_EF1_unrelaxed_rank_001_alphafold2_ptm_model_1_seed_000	WP_2089139
WP_011608348_BAC_EF1_unrelaxed_rank_001_alphafold2_ptm_model_3_seed_000	WP_0116083
WP_121145118_BAC_EF1_unrelaxed_rank_001_alphafold2_ptm_model_3_seed_000	WP_1211400
WP_166914980_BAC_EF1_unrelaxed_rank_001_alphafold2_ptm_model_3_seed_000	WP_1669149
MCT5429090_1_BAC_EF1_unrelaxed_rank_001_alphafold2_ptm_model_3_seed_000	MCT5429090
WP_017627866_BAC_EF1_unrelaxed_rank_001_alphafold2_ptm_model_3_seed_000	WP_0176278
WP_121120754_BAC_EF1_unrelaxed_rank_001_alphafold2_ptm_model_3_seed_000	WP_1211207
WP_176672521_BAC_EF1_unrelaxed_rank_001_alphafold2_ptm_model_3_seed_000	WP_1766725
WP_049362643_BAC_EF1_unrelaxed_rank_001_alphafold2_ptm_model_3_seed_000	WP_0493626
WP_109092123_BAC_EF1_unrelaxed_rank_001_alphafold2_ptm_model_3_seed_000	WP_1090900
WP_261919790_BAC_EF1_unrelaxed_rank_001_alphafold2_ptm_model_3_seed_000	WP_2619197
WP_265757812_BAC_EF1_unrelaxed_rank_001_alphafold2_ptm_model_3_seed_000	WP_2657578
MED9964399_1_BAC_EF1_unrelaxed_rank_001_alphafold2_ptm_model_3_seed_000	MED9964399
WP_005702465_BAC_EF1_unrelaxed_rank_001_alphafold2_ptm_model_3_seed_000	WP_0057024
WP_011199348_BAC_EF1_unrelaxed_rank_001_alphafold2_ptm_model_2_seed_000	WP_0111993
WP_077543191_BAC_EF1_unrelaxed_rank_001_alphafold2_ptm_model_2_seed_000	WP_0775431
AHF26494_1_BAC_EF1_unrelaxed_rank_001_alphafold2_ptm_model_2_seed_000	AHF26494_1
WP_220218841_BAC_EF1_unrelaxed_rank_001_alphafold2_ptm_model_2_seed_000	WP_2202188
WP_005578004_BAC_EF1_unrelaxed_rank_001_alphafold2_ptm_model_3_seed_000	WP_0055780
WP_039152135_BAC_EF1_unrelaxed_rank_001_alphafold2_ptm_model_3_seed_000	WP_0391521
WP_205770798_BAC_EF1_unrelaxed_rank_001_alphafold2_ptm_model_3_seed_000	WP_2057707
MBN6065263_1_BAC_EF1_unrelaxed_rank_001_alphafold2_ptm_model_3_seed_000	MBN6065263
MDD7425392_1_BAC_EF1_unrelaxed_rank_001_alphafold2_ptm_model_3_seed_000	MDD7425392
WP_279717163_BAC_EF1_unrelaxed_rank_001_alphafold2_ptm_model_3_seed_000	WP_2797171
WP_090656701_BAC_EF1_unrelaxed_rank_001_alphafold2_ptm_model_3_seed_000	WP_0906567
WP_208119163_BAC_EF1_unrelaxed_rank_001_alphafold2_ptm_model_3_seed_000	WP_2081191
WP_208121214_BAC_EF1_unrelaxed_rank_001_alphafold2_ptm_model_3_seed_000	WP_2081200
WP_053330393_BAC_EF1_unrelaxed_rank_001_alphafold2_ptm_model_3_seed_000	WP_0533303
WP_116632592_BAC_EF1_unrelaxed_rank_001_alphafold2_ptm_model_3_seed_000	WP_1166325
HBO38961_1_BAC_EF1_unrelaxed_rank_001_alphafold2_ptm_model_3_seed_000	HBO38961_1
WP_077419639_BAC_EF1_unrelaxed_rank_001_alphafold2_ptm_model_3_seed_000	WP_0774196
WP_011978750_BAC_EF1_unrelaxed_rank_001_alphafold2_ptm_model_4_seed_000	WP_0119787
WP_226692005_BAC_EF1_unrelaxed_rank_001_alphafold2_ptm_model_3_seed_000	WP_2266920
MBF0751894_1_BAC_EF1_unrelaxed_rank_001_alphafold2_ptm_model_3_seed_000	MBF0751894
WP_059368590_BAC_EF1_unrelaxed_rank_001_alphafold2_ptm_model_3_seed_000	WP_0593685
WP_040976866_BAC_EF1_unrelaxed_rank_001_alphafold2_ptm_model_3_seed_000	WP_0409768
WP_017805436_BAC_EF1_unrelaxed_rank_001_alphafold2_ptm_model_3_seed_000	WP_0178054
WP_265754610_BAC_EF1_unrelaxed_rank_001_alphafold2_ptm_model_3_seed_000	WP_2657546
WP_115248696_BAC_EF1_unrelaxed_rank_001_alphafold2_ptm_model_3_seed_000	WP_1152486
WP_014167500_BAC_EF1_unrelaxed_rank_001_alphafold2_ptm_model_3_seed_000	WP_0141675
WP_148333475_BAC_EF1_unrelaxed_rank_001_alphafold2_ptm_model_3_seed_000	WP_1483334
WP_233118987_BAC_EF1_unrelaxed_rank_001_alphafold2_ptm_model_3_seed_000	WP_2331189
TIR63591_1_BAC_EF1_unrelaxed_rank_001_alphafold2_ptm_model_3_seed_000	TIR63591_1
WP_000031784_BAC_EF1_unrelaxed_rank_001_alphafold2_ptm_model_3_seed_000	WP_0000300
KAB4463648_1_BAC_EF1_unrelaxed_rank_001_alphafold2_ptm_model_3_seed_000	KAB4463648
TIR87178_1_BAC_EF1_unrelaxed_rank_001_alphafold2_ptm_model_3_seed_000	TIR87178_1
WP_065555756_BAC_EF1_unrelaxed_rank_001_alphafold2_ptm_model_3_seed_000	WP_0655557
WP_294610733_BAC_EF1_unrelaxed_rank_001_alphafold2_ptm_model_3_seed_000	WP_2946107
WP_024496104_BAC_EF1_unrelaxed_rank_001_alphafold2_ptm_model_3_seed_000	WP_0244961
WP_187756020_BAC_EF1_unrelaxed_rank_001_alphafold2_ptm_model_3_seed_000	WP_1877500
WP_226811221_BAC_EF1_unrelaxed_rank_001_alphafold2_ptm_model_3_seed_000	WP_2268112
WP_292363723_BAC_EF1_unrelaxed_rank_001_alphafold2_ptm_model_3_seed_000	WP_2923637
WP_030927655_BAC_EF1_unrelaxed_rank_001_alphafold2_ptm_model_3_seed_000	WP_0309276
MDW5508256_1_BAC_EF1_unrelaxed_rank_001_alphafold2_ptm_model_3_seed_000	MDW5508256
SVK46515_1_BAC_EF1_unrelaxed_rank_001_alphafold2_ptm_model_3_seed_000	SVK46515_1
MDW5506770_1_BAC_EF1_unrelaxed_rank_001_alphafold2_ptm_model_3_seed_000	MDW5506770
VTQ56819_1_BAC_EF1_unrelaxed_rank_001_alphafold2_ptm_model_3_seed_000	VTQ56819_1
VTQ66401_1_BAC_EF1_unrelaxed_rank_001_alphafold2_ptm_model_3_seed_000	VTQ66401_1
WP_065618419_BAC_EF1_unrelaxed_rank_001_alphafold2_ptm_model_3_seed_000	WP_0656184
WP_160412441_BAC_EF1_unrelaxed_rank_001_alphafold2_ptm_model_3_seed_000	WP_1604124
WP_301497104_BAC_EF1_unrelaxed_rank_001_alphafold2_ptm_model_4_seed_000	WP_3014900
WP_301497127_BAC_EF1_unrelaxed_rank_001_alphafold2_ptm_model_3_seed_000	WP_3014901
WP_065586329_BAC_EF1_unrelaxed_rank_001_alphafold2_ptm_model_3_seed_000	WP_0655863
WP_065639651_BAC_EF1_unrelaxed_rank_001_alphafold2_ptm_model_3_seed_000	WP_0656396
WP_115717125_BAC_EF1_unrelaxed_rank_001_alphafold2_ptm_model_2_seed_000	WP_1157171
WP_123422713_BAC_EF1_unrelaxed_rank_001_alphafold2_ptm_model_4_seed_000	WP_1234227
WP_034882428_BAC_EF1_unrelaxed_rank_001_alphafold2_ptm_model_3_seed_000	WP_0348824
WP_065564247_BAC_EF1_unrelaxed_rank_001_alphafold2_ptm_model_3_seed_000	WP_0655642
WP_025314614_BAC_EF1_unrelaxed_rank_001_alphafold2_ptm_model_3_seed_000	WP_0253146
WP_110455351_BAC_EF1_unrelaxed_rank_001_alphafold2_ptm_model_3_seed_000	WP_1104553
MBH4410321_1_BAC_EF1_unrelaxed_rank_001_alphafold2_ptm_model_3_seed_000	MBH4410321
WP_243544814_BAC_EF1_unrelaxed_rank_001_alphafold2_ptm_model_3_seed_000	WP_2435448
WP_065626385_BAC_EF1_unrelaxed_rank_001_alphafold2_ptm_model_3_seed_000	WP_0656263
WP_160409288_BAC_EF1_unrelaxed_rank_001_alphafold2_ptm_model_3_seed_000	WP_1604092
KON62603_1_BAC_EF1_unrelaxed_rank_001_alphafold2_ptm_model_4_seed_000	KON62603_1
TIM56893_1_BAC_EF1_unrelaxed_rank_001_alphafold2_ptm_model_4_seed_000	TIM56893_1
WP_004174069_BAC_EF1_unrelaxed_rank_001_alphafold2_ptm_model_4_seed_000	WP_0041740
WP_105099977_BAC_EF1_unrelaxed_rank_001_alphafold2_ptm_model_4_seed_000	WP_1050999
WP_065572358_BAC_EF1_unrelaxed_rank_001_alphafold2_ptm_model_4_seed_000	WP_0655723
WP_065582082_BAC_EF1_unrelaxed_rank_001_alphafold2_ptm_model_4_seed_000	WP_0655820
WP_065558713_BAC_EF1_unrelaxed_rank_001_alphafold2_ptm_model_4_seed_000	WP_0655587
WP_306244427_BAC_EF1_unrelaxed_rank_001_alphafold2_ptm_model_4_seed_000	WP_3062444
P0CE47_BAC_EF1_unrelaxed_rank_001_alphafold2_ptm_model_4_seed_000	P0CE47_BAC
WP_000031779_BAC_EF1_unrelaxed_rank_001_alphafold2_ptm_model_4_seed_000	WP_0000301
TIP36195_1_BAC_EF1_unrelaxed_rank_001_alphafold2_ptm_model_4_seed_000	TIP36195_1
TIU44284_1_BAC_EF1_unrelaxed_rank_001_alphafold2_ptm_model_4_seed_000	TIU44284_1
WP_136738660_BAC_EF1_unrelaxed_rank_001_alphafold2_ptm_model_4_seed_000	WP_1367386
WP_065737967_BAC_EF1_unrelaxed_rank_001_alphafold2_ptm_model_4_seed_000	WP_0657379
WP_267334586_BAC_EF1_unrelaxed_rank_001_alphafold2_ptm_model_3_seed_000	WP_2673345
WP_321268782_BAC_EF1_unrelaxed_rank_001_alphafold2_ptm_model_3_seed_000	WP_3212687
WP_024871549_BAC_EF1_unrelaxed_rank_001_alphafold2_ptm_model_3_seed_000	WP_0248700
WP_015879832_BAC_EF1_unrelaxed_rank_001_alphafold2_ptm_model_4_seed_000	WP_0158700
WP_320153425_BAC_EF1_unrelaxed_rank_001_alphafold2_ptm_model_4_seed_000	WP_3201534
WP_015879816_BAC_EF1_unrelaxed_rank_001_alphafold2_ptm_model_3_seed_000	WP_0158701
WP_316672790_BAC_EF1_unrelaxed_rank_001_alphafold2_ptm_model_3_seed_000	WP_3166727
WP_321240539_BAC_EF1_unrelaxed_rank_001_alphafold2_ptm_model_3_seed_000	WP_3212405
WP_065633263_BAC_EF1_unrelaxed_rank_001_alphafold2_ptm_model_3_seed_000	WP_0656332
WP_091346592_BAC_EF1_unrelaxed_rank_001_alphafold2_ptm_model_3_seed_000	WP_0913465
WP_267342169_BAC_EF1_unrelaxed_rank_001_alphafold2_ptm_model_3_seed_000	WP_2673421
WP_065733704_BAC_EF1_unrelaxed_rank_001_alphafold2_ptm_model_3_seed_000	WP_0657337
WP_144189256_BAC_EF1_unrelaxed_rank_001_alphafold2_ptm_model_3_seed_000	WP_1441892
WP_034900851_BAC_EF1_unrelaxed_rank_001_alphafold2_ptm_model_3_seed_000	WP_0349008
WP_296206864_BAC_EF1_unrelaxed_rank_001_alphafold2_ptm_model_3_seed_000	WP_2962068
WP_065635286_BAC_EF1_unrelaxed_rank_001_alphafold2_ptm_model_3_seed_000	WP_0656352
WP_091124564_BAC_EF1_unrelaxed_rank_001_alphafold2_ptm_model_3_seed_000	WP_0911245
WP_034913631_BAC_EF1_unrelaxed_rank_001_alphafold2_ptm_model_3_seed_000	WP_0349136
WP_065575190_BAC_EF1_unrelaxed_rank_001_alphafold2_ptm_model_3_seed_000	WP_0655751
WP_220218324_BAC_EF1_unrelaxed_rank_001_alphafold2_ptm_model_3_seed_000	WP_2202183
WP_075539747_BAC_EF1_unrelaxed_rank_001_alphafold2_ptm_model_4_seed_000	WP_0755397
WP_121784819_BAC_EF1_unrelaxed_rank_001_alphafold2_ptm_model_4_seed_000	WP_1217848
WP_267335649_BAC_EF1_unrelaxed_rank_001_alphafold2_ptm_model_3_seed_000	WP_2673356
WP_160401752_BAC_EF1_unrelaxed_rank_001_alphafold2_ptm_model_4_seed_000	WP_1604017
WP_034946833_BAC_EF1_unrelaxed_rank_001_alphafold2_ptm_model_4_seed_000	WP_0349468
WP_065610821_BAC_EF1_unrelaxed_rank_001_alphafold2_ptm_model_4_seed_000	WP_0656108
WP_065605820_BAC_EF1_unrelaxed_rank_001_alphafold2_ptm_model_4_seed_000	WP_0656058
WP_039105709_BAC_EF1_unrelaxed_rank_001_alphafold2_ptm_model_3_seed_000	WP_0391057
WP_065574927_BAC_EF1_unrelaxed_rank_001_alphafold2_ptm_model_3_seed_000	WP_0655749
WP_065561191_BAC_EF1_unrelaxed_rank_001_alphafold2_ptm_model_3_seed_000	WP_0655611
WP_065590402_BAC_EF1_unrelaxed_rank_001_alphafold2_ptm_model_3_seed_000	WP_0655904
WP_086319674_BAC_EF1_unrelaxed_rank_001_alphafold2_ptm_model_3_seed_000	WP_0863196
WP_267331141_BAC_EF1_unrelaxed_rank_001_alphafold2_ptm_model_3_seed_000	WP_2673311
WP_065623244_BAC_EF1_unrelaxed_rank_001_alphafold2_ptm_model_3_seed_000	WP_0656232
WP_065561435_BAC_EF1_unrelaxed_rank_001_alphafold2_ptm_model_3_seed_000	WP_0655614
WP_065590510_BAC_EF1_unrelaxed_rank_001_alphafold2_ptm_model_3_seed_000	WP_0655905
WP_086327711_BAC_EF1_unrelaxed_rank_001_alphafold2_ptm_model_3_seed_000	WP_0863277
WP_160404130_BAC_EF1_unrelaxed_rank_001_alphafold2_ptm_model_3_seed_000	WP_1604041
VTQ29449_1_BAC_EF1_unrelaxed_rank_001_alphafold2_ptm_model_4_seed_000	VTQ29449_1
WP_077633682_BAC_EF1_unrelaxed_rank_001_alphafold2_ptm_model_4_seed_000	WP_0776336
MDG2871380_1_BAC_EF1_unrelaxed_rank_001_alphafold2_ptm_model_4_seed_000	MDG2871380
WP_113622487_BAC_EF1_unrelaxed_rank_001_alphafold2_ptm_model_4_seed_000	WP_1136224
NWA46617_1_BAC_EF1_unrelaxed_rank_001_alphafold2_ptm_model_4_seed_000	NWA46617_1
WP_111394121_BAC_EF1_unrelaxed_rank_001_alphafold2_ptm_model_4_seed_000	WP_1113941
WP_324640222_BAC_EF1_unrelaxed_rank_001_alphafold2_ptm_model_4_seed_000	WP_3246402
7BBN_A_DUNKNOWN2_EF1_unrelaxed_rank_001_alphafold2_ptm_model_4_seed_000	7BBN_A_DUN
WP_193017603_BAC_EF1_unrelaxed_rank_001_alphafold2_ptm_model_4_seed_000	WP_1930176
MBN6066702_1_BAC_EF1_unrelaxed_rank_001_alphafold2_ptm_model_4_seed_000	MBN6066702
WP_133546096_BAC_EF1_unrelaxed_rank_001_alphafold2_ptm_model_4_seed_000	WP_1335460
WP_065635432_BAC_EF1_unrelaxed_rank_001_alphafold2_ptm_model_4_seed_000	WP_0656354
WP_294833785_BAC_EF1_unrelaxed_rank_001_alphafold2_ptm_model_4_seed_000	WP_2948337
TIN52146_1_BAC_EF1_unrelaxed_rank_001_alphafold2_ptm_model_4_seed_000	TIN52146_1
WP_280167745_BAC_EF1_unrelaxed_rank_001_alphafold2_ptm_model_4_seed_000	WP_2801677
AKD38251_1_BAC_EF1_unrelaxed_rank_001_alphafold2_ptm_model_4_seed_000	AKD38251_1
WP_094946789_BAC_EF1_unrelaxed_rank_001_alphafold2_ptm_model_4_seed_000	WP_0949467
OOF65812_1_BAC_EF1_unrelaxed_rank_001_alphafold2_ptm_model_4_seed_000	OOF65812_1
WP_005751979_BAC_EF1_unrelaxed_rank_001_alphafold2_ptm_model_4_seed_000	WP_0057519
WP_245853395_BAC_EF1_unrelaxed_rank_001_alphafold2_ptm_model_4_seed_000	WP_2458533
WP_135938250_BAC_EF1_unrelaxed_rank_001_alphafold2_ptm_model_4_seed_000	WP_1359382
MBN6709746_1_BAC_EF1_unrelaxed_rank_001_alphafold2_ptm_model_4_seed_000	MBN6709746
WP_265473668_BAC_EF1_unrelaxed_rank_001_alphafold2_ptm_model_4_seed_000	WP_2654736
WP_118794041_BAC_EF1_unrelaxed_rank_001_alphafold2_ptm_model_4_seed_000	WP_1187940
WP_126599201_BAC_EF1_unrelaxed_rank_001_alphafold2_ptm_model_4_seed_000	WP_1265992
WP_049365036_BAC_EF1_unrelaxed_rank_001_alphafold2_ptm_model_4_seed_000	WP_0493650
WP_085012482_BAC_EF1_unrelaxed_rank_001_alphafold2_ptm_model_4_seed_000	WP_0850124
WP_042599426_BAC_EF1_unrelaxed_rank_001_alphafold2_ptm_model_4_seed_000	WP_0425994
WP_148323993_BAC_EF1_unrelaxed_rank_001_alphafold2_ptm_model_4_seed_000	WP_1483239
WP_208121241_BAC_EF1_unrelaxed_rank_001_alphafold2_ptm_model_4_seed_000	WP_2081201
WP_046942883_BAC_EF1_unrelaxed_rank_001_alphafold2_ptm_model_4_seed_000	WP_0469428
WP_151433407_BAC_EF1_unrelaxed_rank_001_alphafold2_ptm_model_4_seed_000	WP_1514334
WP_111353889_BAC_EF1_unrelaxed_rank_001_alphafold2_ptm_model_4_seed_000	WP_1113538
WP_315496953_BAC_EF1_unrelaxed_rank_001_alphafold2_ptm_model_4_seed_000	WP_3154969
WP_005625208_BAC_EF1_unrelaxed_rank_001_alphafold2_ptm_model_4_seed_000	WP_0056252
WP_005821295_BAC_EF1_unrelaxed_rank_001_alphafold2_ptm_model_4_seed_000	WP_0058212
MDY5105670_1_BAC_EF1_unrelaxed_rank_001_alphafold2_ptm_model_4_seed_000	MDY5105670
WP_078208097_BAC_EF1_unrelaxed_rank_001_alphafold2_ptm_model_4_seed_000	WP_0782080
WP_178962813_BAC_EF1_unrelaxed_rank_001_alphafold2_ptm_model_4_seed_000	WP_1789628
WP_010128938_BAC_EF1_unrelaxed_rank_001_alphafold2_ptm_model_4_seed_000	WP_0101289
WP_025218017_BAC_EF1_unrelaxed_rank_001_alphafold2_ptm_model_4_seed_000	WP_0252180
MCK3654815_1_BAC_EF1_unrelaxed_rank_001_alphafold2_ptm_model_4_seed_000	MCK3654815
WP_119222218_BAC_EF1_unrelaxed_rank_001_alphafold2_ptm_model_4_seed_000	WP_1192222
NBI42863_1_BAC_EF1_unrelaxed_rank_001_alphafold2_ptm_model_4_seed_000	NBI42863_1
WP_005765629_BAC_EF1_unrelaxed_rank_001_alphafold2_ptm_model_4_seed_000	WP_0057656
WP_078177606_BAC_EF1_unrelaxed_rank_001_alphafold2_ptm_model_4_seed_000	WP_0781776
WP_078237711_BAC_EF1_unrelaxed_rank_001_alphafold2_ptm_model_5_seed_000	WP_0782377
WP_018651570_BAC_EF1_unrelaxed_rank_001_alphafold2_ptm_model_4_seed_000	WP_0186515
WP_078218761_BAC_EF1_unrelaxed_rank_001_alphafold2_ptm_model_4_seed_000	WP_0782187
WP_315274719_BAC_EF1_unrelaxed_rank_001_alphafold2_ptm_model_4_seed_000	WP_3152747
WP_132691845_BAC_EF1_unrelaxed_rank_001_alphafold2_ptm_model_3_seed_000	WP_1326918
WP_279572633_BAC_EF1_unrelaxed_rank_001_alphafold2_ptm_model_3_seed_000	WP_2795726
MDU8925698_1_BAC_EF1_unrelaxed_rank_001_alphafold2_ptm_model_3_seed_000	MDU8925698
WP_018356115_BAC_EF1_unrelaxed_rank_001_alphafold2_ptm_model_3_seed_000	WP_0183561
WP_084255730_BAC_EF1_unrelaxed_rank_001_alphafold2_ptm_model_3_seed_000	WP_0842557
WP_131974558_BAC_EF1_unrelaxed_rank_001_alphafold2_ptm_model_3_seed_000	WP_1319745
MCK3658005_1_BAC_EF1_unrelaxed_rank_001_alphafold2_ptm_model_3_seed_000	MCK3658005
WP_115261420_BAC_EF1_unrelaxed_rank_001_alphafold2_ptm_model_3_seed_000	WP_1152614
WP_013745728_BAC_EF1_unrelaxed_rank_001_alphafold2_ptm_model_4_seed_000	WP_0137457
WP_039091608_BAC_EF1_unrelaxed_rank_001_alphafold2_ptm_model_3_seed_000	WP_0390916
WP_205770427_BAC_EF1_unrelaxed_rank_001_alphafold2_ptm_model_3_seed_000	WP_2057704
WP_202936314_BAC_EF1_unrelaxed_rank_001_alphafold2_ptm_model_3_seed_000	WP_2029363
MDP9499942_1_BAC_EF1_unrelaxed_rank_001_alphafold2_ptm_model_3_seed_000	MDP9499942
WP_267174485_BAC_EF1_unrelaxed_rank_001_alphafold2_ptm_model_3_seed_000	WP_2671744
ODS44696_1_BAC_EF1_unrelaxed_rank_001_alphafold2_ptm_model_3_seed_000	ODS44696_1
WP_065231733_BAC_EF1_unrelaxed_rank_001_alphafold2_ptm_model_3_seed_000	WP_0652317
WP_115241560_BAC_EF1_unrelaxed_rank_001_alphafold2_ptm_model_3_seed_000	WP_1152415
WP_013746114_BAC_EF1_unrelaxed_rank_001_alphafold2_ptm_model_3_seed_000	WP_0137461
WP_285094560_BAC_EF1_unrelaxed_rank_001_alphafold2_ptm_model_3_seed_000	WP_2850945
SUB34569_1_BAC_EF1_unrelaxed_rank_001_alphafold2_ptm_model_3_seed_000	SUB34569_1
WP_302501071_BAC_EF1_unrelaxed_rank_001_alphafold2_ptm_model_3_seed_000	WP_3025010
WP_005666342_BAC_EF1_unrelaxed_rank_001_alphafold2_ptm_model_3_seed_000	WP_0056663
WP_016533487_BAC_EF1_unrelaxed_rank_001_alphafold2_ptm_model_3_seed_000	WP_0165334
WP_159629045_BAC_EF1_unrelaxed_rank_001_alphafold2_ptm_model_3_seed_000	WP_1596290
WP_118859758_BAC_EF1_unrelaxed_rank_001_alphafold2_ptm_model_3_seed_000	WP_1188597
WP_132965711_BAC_EF1_unrelaxed_rank_001_alphafold2_ptm_model_3_seed_000	WP_1329657
WP_176807589_BAC_EF1_unrelaxed_rank_001_alphafold2_ptm_model_3_seed_000	WP_1768075
WP_005654658_BAC_EF1_unrelaxed_rank_001_alphafold2_ptm_model_3_seed_000	WP_0056546
WP_042602954_BAC_EF1_unrelaxed_rank_001_alphafold2_ptm_model_3_seed_000	WP_0426029
EDJ87779_1_BAC_HUNKNOWN_unrelaxed_rank_001_alphafold2_ptm_model_3_seed_000	EDJ87779_1
QIM62355_1_BAC_EF1_unrelaxed_rank_001_alphafold2_ptm_model_3_seed_000	QIM62355_1
WP_005759586_BAC_EF1_unrelaxed_rank_001_alphafold2_ptm_model_3_seed_000	WP_0057595
WP_144070375_BAC_EF1_unrelaxed_rank_001_alphafold2_ptm_model_3_seed_000	WP_1440703
WP_123957622_BAC_EF1_unrelaxed_rank_001_alphafold2_ptm_model_3_seed_000	WP_1239576
WP_027073920_BAC_EF1_unrelaxed_rank_001_alphafold2_ptm_model_3_seed_000	WP_0270739
WP_075913291_BAC_EF1_unrelaxed_rank_001_alphafold2_ptm_model_3_seed_000	WP_0759132
WP_005667564_BAC_EF1_unrelaxed_rank_001_alphafold2_ptm_model_3_seed_000	WP_0056675
WP_005635637_BAC_EF1_unrelaxed_rank_001_alphafold2_ptm_model_3_seed_000	WP_0056356
WP_136449973_BAC_EF1_unrelaxed_rank_001_alphafold2_ptm_model_3_seed_000	WP_1364499
RDE94370_1_BAC_EF1_unrelaxed_rank_001_alphafold2_ptm_model_3_seed_000	RDE94370_1
WP_239496687_BAC_EF1_unrelaxed_rank_001_alphafold2_ptm_model_3_seed_000	WP_2394966
WP_197544004_BAC_EF1_unrelaxed_rank_001_alphafold2_ptm_model_3_seed_000	WP_1975440
WP_314885774_BAC_EF1_unrelaxed_rank_001_alphafold2_ptm_model_3_seed_000	WP_3148857
QIW15147_1_BAC_EF1_unrelaxed_rank_001_alphafold2_ptm_model_3_seed_000	QIW15147_1
WP_108922804_BAC_EF1_unrelaxed_rank_001_alphafold2_ptm_model_3_seed_000	WP_1089228
WP_018652491_BAC_EF1_unrelaxed_rank_001_alphafold2_ptm_model_3_seed_000	WP_0186524
WP_078218444_BAC_EF1_unrelaxed_rank_001_alphafold2_ptm_model_3_seed_000	WP_0782184
WP_157395611_BAC_EF1_unrelaxed_rank_001_alphafold2_ptm_model_3_seed_000	WP_1573956
WP_015674055_BAC_EF1_unrelaxed_rank_001_alphafold2_ptm_model_3_seed_000	WP_0156740
WP_132500783_BAC_EF1_unrelaxed_rank_001_alphafold2_ptm_model_3_seed_000	WP_1325007
WP_049383876_BAC_EF1_unrelaxed_rank_001_alphafold2_ptm_model_3_seed_000	WP_0493838
WP_116967419_BAC_EF1_unrelaxed_rank_001_alphafold2_ptm_model_3_seed_000	WP_1169674
STY59097_1_BAC_HUNKNOWN_unrelaxed_rank_001_alphafold2_ptm_model_3_seed_000	STY59097_1
WP_006249832_BAC_EF1_unrelaxed_rank_001_alphafold2_ptm_model_3_seed_000	WP_0062498
WP_010944123_BAC_EF1_unrelaxed_rank_001_alphafold2_ptm_model_3_seed_000	WP_0109441
WP_308601800_BAC_EF1_unrelaxed_rank_001_alphafold2_ptm_model_3_seed_000	WP_3086018
WGE69246_1_BAC_EF1_unrelaxed_rank_001_alphafold2_ptm_model_3_seed_000	WGE69246_1
HDR1435848_1_BAC_EF1_unrelaxed_rank_001_alphafold2_ptm_model_3_seed_000	HDR1435848
WP_095075298_BAC_EF1_unrelaxed_rank_001_alphafold2_ptm_model_3_seed_000	WP_0950752
WP_279466680_BAC_EF1_unrelaxed_rank_001_alphafold2_ptm_model_3_seed_000	WP_2794666
WP_046097610_BAC_EF1_unrelaxed_rank_001_alphafold2_ptm_model_4_seed_000	WP_0460976
WP_053293784_BAC_EF1_unrelaxed_rank_001_alphafold2_ptm_model_4_seed_000	WP_0532937
WP_005669483_BAC_EF1_unrelaxed_rank_001_alphafold2_ptm_model_4_seed_000	WP_0056694
WP_132299727_BAC_EF1_unrelaxed_rank_001_alphafold2_ptm_model_4_seed_000	WP_1322997
WP_265490449_BAC_EF1_unrelaxed_rank_001_alphafold2_ptm_model_4_seed_000	WP_2654904
WP_035689535_BAC_EF1_unrelaxed_rank_001_alphafold2_ptm_model_4_seed_000	WP_0356895
WP_109092129_BAC_EF1_unrelaxed_rank_001_alphafold2_ptm_model_4_seed_000	WP_1090901
WP_019518341_BAC_EF1_unrelaxed_rank_001_alphafold2_ptm_model_4_seed_000	WP_0195183
WP_033001510_BAC_EF1_unrelaxed_rank_001_alphafold2_ptm_model_4_seed_000	WP_0330015
WP_205765676_BAC_EF1_unrelaxed_rank_001_alphafold2_ptm_model_4_seed_000	WP_2057656
WP_273771105_BAC_EF1_unrelaxed_rank_001_alphafold2_ptm_model_4_seed_000	WP_2737711
WP_048750225_BAC_EF1_unrelaxed_rank_001_alphafold2_ptm_model_4_seed_000	WP_0487502
XP_039320425_EUK_EF1_unrelaxed_rank_001_alphafold2_ptm_model_3_seed_000	XP_0393204
BAD96243_1_EUK_EF1_unrelaxed_rank_001_alphafold2_ptm_model_3_seed_000	BAD96243_1
KAK4337291_1_EUK_HUNKNOWN_unrelaxed_rank_001_alphafold2_ptm_model_3_seed_000	KAK4337291
MCQ2738567_1_ARC_EF1_unrelaxed_rank_001_alphafold2_ptm_model_2_seed_000	MCQ2738567
MDG6100179_1_BAC_EF1_unrelaxed_rank_001_alphafold2_ptm_model_3_seed_000	MDG6100179
MTV28047_1_BAC_EF1_unrelaxed_rank_001_alphafold2_ptm_model_2_seed_000	MTV28047_1
ACL88303_1_DUNKNOWN2_EF1_unrelaxed_rank_001_alphafold2_ptm_model_3_seed_000	ACL88303_1
KAK4337292_1_EUK_HUNKNOWN_unrelaxed_rank_001_alphafold2_ptm_model_3_seed_000	KAK4337292
WP_114587615_BAC_EF1_unrelaxed_rank_001_alphafold2_ptm_model_3_seed_000	WP_1145876
MCP5656063_1_BAC_EF1_unrelaxed_rank_001_alphafold2_ptm_model_4_seed_000	MCP5656063
WP_306394437_BAC_EF1_unrelaxed_rank_001_alphafold2_ptm_model_3_seed_000	WP_3063944
MCP6116713_1_BAC_EF1_unrelaxed_rank_001_alphafold2_ptm_model_3_seed_000	MCP6116713
NJI29722_1_BAC_EF1_unrelaxed_rank_001_alphafold2_ptm_model_2_seed_000	NJI29722_1
AOQ03696_1_DUNKNOWN2_EF1_unrelaxed_rank_001_alphafold2_ptm_model_2_seed_000	AOQ03696_1
MBQ5153757_1_BAC_EF1_unrelaxed_rank_001_alphafold2_ptm_model_3_seed_000	MBQ5153757
WP_056573110_BAC_EF1_unrelaxed_rank_001_alphafold2_ptm_model_2_seed_000	WP_0565731
MDK0628333_1_BAC_EF1_unrelaxed_rank_001_alphafold2_ptm_model_3_seed_000	MDK0628333
WP_056435539_BAC_EF1_unrelaxed_rank_001_alphafold2_ptm_model_3_seed_000	WP_0564355
KAB1733552_1_BAC_EF1_unrelaxed_rank_001_alphafold2_ptm_model_3_seed_000	KAB1733552
MCK0538898_1_BAC_EF1_unrelaxed_rank_001_alphafold2_ptm_model_3_seed_000	MCK0538898
WP_272536922_BAC_EF1_unrelaxed_rank_001_alphafold2_ptm_model_3_seed_000	WP_2725369
WP_272685758_BAC_EF1_unrelaxed_rank_001_alphafold2_ptm_model_3_seed_000	WP_2726857
MCE2196774_1_BAC_EF1_unrelaxed_rank_001_alphafold2_ptm_model_3_seed_000	MCE2196774
WP_127116271_BAC_EF1_unrelaxed_rank_001_alphafold2_ptm_model_3_seed_000	WP_1271162
MBT8694721_1_BAC_EF1_unrelaxed_rank_001_alphafold2_ptm_model_4_seed_000	MBT8694721
MCI3751421_1_BAC_EF1_unrelaxed_rank_001_alphafold2_ptm_model_4_seed_000	MCI3751421
TOF89092_1_BAC_EF1_unrelaxed_rank_001_alphafold2_ptm_model_3_seed_000	TOF89092_1
KAA0855852_1_BAC_EF1_unrelaxed_rank_001_alphafold2_ptm_model_3_seed_000	KAA0855852
WP_282032514_BAC_EF1_unrelaxed_rank_001_alphafold2_ptm_model_3_seed_000	WP_2820325
WP_272689917_BAC_EF1_unrelaxed_rank_001_alphafold2_ptm_model_3_seed_000	WP_2726899
GGF15785_1_BAC_EF1_unrelaxed_rank_001_alphafold2_ptm_model_3_seed_000	GGF15785_1
AAX43357_1_DUNKNOWN2_EF1_unrelaxed_rank_001_alphafold2_ptm_model_3_seed_000	AAX43357_1
ABM85496_1_DUNKNOWN2_EF1_unrelaxed_rank_001_alphafold2_ptm_model_3_seed_000	ABM85496_1
AAV38606_1_DUNKNOWN2_EF1_unrelaxed_rank_001_alphafold2_ptm_model_3_seed_000	AAV38606_1
MCI3311063_1_BAC_EF1_unrelaxed_rank_001_alphafold2_ptm_model_3_seed_000	MCI3311063
BAD96271_1_EUK_EF1_unrelaxed_rank_001_alphafold2_ptm_model_3_seed_000	BAD96271_1
NJI29733_1_BAC_EF1_unrelaxed_rank_001_alphafold2_ptm_model_3_seed_000	NJI29733_1
XP_046540911_EUK_EF1_unrelaxed_rank_001_alphafold2_ptm_model_3_seed_000	XP_0465409
PWS23303_1_BAC_EF1_unrelaxed_rank_001_alphafold2_ptm_model_3_seed_000	PWS23303_1
KAA0850590_1_BAC_EF1_unrelaxed_rank_001_alphafold2_ptm_model_3_seed_000	KAA0850590
ATO96316_1_DUNKNOWN2_EF1_unrelaxed_rank_001_alphafold2_ptm_model_3_seed_000	ATO96316_1
QJD54296_1_EUK_EF1_unrelaxed_rank_001_alphafold2_ptm_model_3_seed_000	QJD54296_1
AAV38607_1_DUNKNOWN2_EF1_unrelaxed_rank_001_alphafold2_ptm_model_3_seed_000	AAV38607_1
XP_004654987_EUK_EF2_unrelaxed_rank_001_alphafold2_ptm_model_5_seed_000	XP_0046549
XP_007524881_EUK_EF2_unrelaxed_rank_001_alphafold2_ptm_model_5_seed_000	XP_0075248
KAG6574433_1_EUK_EF2_unrelaxed_rank_001_alphafold2_ptm_model_5_seed_000	KAG6574433
NHJ02737_1_ARC_HUNKNOWN_unrelaxed_rank_001_alphafold2_ptm_model_3_seed_000	NHJ02737_1
OLS27505_1_ARC_EF2_unrelaxed_rank_001_alphafold2_ptm_model_5_seed_000	OLS27505_1
ANM86109_1_EUK_EF2_unrelaxed_rank_001_alphafold2_ptm_model_5_seed_000	ANM86109_1
XP_004337289_EUK_EF2_unrelaxed_rank_001_alphafold2_ptm_model_5_seed_000	XP_0043372
XP_013762907_EUK_EF2_unrelaxed_rank_001_alphafold2_ptm_model_5_seed_000	XP_0137629
KAH3766423_1_EUK_EF2_unrelaxed_rank_001_alphafold2_ptm_model_5_seed_000	KAH3766423
XP_040846558_EUK_EF2_unrelaxed_rank_001_alphafold2_ptm_model_5_seed_000	XP_0408465
XP_052603039_EUK_EF2_unrelaxed_rank_001_alphafold2_ptm_model_5_seed_000	XP_0526030
MBP5700534_1_ARC_HUNKNOWN_unrelaxed_rank_001_alphafold2_ptm_model_5_seed_000	MBP5700534
WP_295614768_ARC_HUNKNOWN_unrelaxed_rank_001_alphafold2_ptm_model_3_seed_000	WP_2956147
WP_292800092_ARC_HUNKNOWN_unrelaxed_rank_001_alphafold2_ptm_model_3_seed_000	WP_2928000
WP_292823483_ARC_HUNKNOWN_unrelaxed_rank_001_alphafold2_ptm_model_3_seed_000	WP_2928234
MBP5700146_1_ARC_HUNKNOWN_unrelaxed_rank_001_alphafold2_ptm_model_1_seed_000	MBP5700146
WP_296859939_ARC_HUNKNOWN_unrelaxed_rank_001_alphafold2_ptm_model_5_seed_000	WP_2968599
MBP5700535_1_ARC_HUNKNOWN_unrelaxed_rank_001_alphafold2_ptm_model_5_seed_000	MBP5700535
OII77032_1_EUK_EF2_unrelaxed_rank_001_alphafold2_ptm_model_5_seed_000	OII77032_1
XP_002140039_EUK_EF2_unrelaxed_rank_001_alphafold2_ptm_model_5_seed_000	XP_0021400
PHJ23378_1_EUK_HUNKNOWN_unrelaxed_rank_001_alphafold2_ptm_model_5_seed_000	PHJ23378_1
XP_003882268_EUK_EF2_unrelaxed_rank_001_alphafold2_ptm_model_5_seed_000	XP_0038822
CEL92355_1_EUK_HUNKNOWN_unrelaxed_rank_001_alphafold2_ptm_model_5_seed_000	CEL92355_1
Q23716_1_EUK_EF2_unrelaxed_rank_001_alphafold2_ptm_model_5_seed_000	Q23716_1_E
XP_627193_EUK_EF2_unrelaxed_rank_001_alphafold2_ptm_model_5_seed_000	XP_627193_
KAH8583583_1_EUK_EF2_unrelaxed_rank_001_alphafold2_ptm_model_5_seed_000	KAH8583583
XP_668002_EUK_EF2_unrelaxed_rank_001_alphafold2_ptm_model_5_seed_000	XP_668002_
KAH7649898_1_EUK_HUNKNOWN_unrelaxed_rank_001_alphafold2_ptm_model_5_seed_000	KAH7649898
KAH8740710_1_EUK_EF2_unrelaxed_rank_001_alphafold2_ptm_model_5_seed_000	KAH8740710
XP_028874976_EUK_EF2_unrelaxed_rank_001_alphafold2_ptm_model_5_seed_000	XP_0288749
MCQ2962425_1_ARC_HUNKNOWN_unrelaxed_rank_001_alphafold2_ptm_model_3_seed_000	MCQ2962425
MCQ2973121_1_ARC_HUNKNOWN_unrelaxed_rank_001_alphafold2_ptm_model_3_seed_000	MCQ2973121
KAF7458422_1_EUK_EF2_unrelaxed_rank_001_alphafold2_ptm_model_5_seed_000	KAF7458422
KAJ3438602_1_EUK_EF2_unrelaxed_rank_001_alphafold2_ptm_model_5_seed_000	KAJ3438602
KAJ6233151_1_EUK_EF2_unrelaxed_rank_001_alphafold2_ptm_model_5_seed_000	KAJ6233151
MCA9485224_1_ARC_HUNKNOWN_unrelaxed_rank_001_alphafold2_ptm_model_3_seed_000	MCA9485224
KAJ3444740_1_EUK_EF2_unrelaxed_rank_001_alphafold2_ptm_model_5_seed_000	KAJ3444740
KAJ6252526_1_EUK_EF2_unrelaxed_rank_001_alphafold2_ptm_model_5_seed_000	KAJ6252526
KAJ3428375_1_EUK_EF2_unrelaxed_rank_001_alphafold2_ptm_model_5_seed_000	KAJ3428375
KAJ3434490_1_EUK_EF2_unrelaxed_rank_001_alphafold2_ptm_model_5_seed_000	KAJ3434490
KAJ6241585_1_EUK_EF2_unrelaxed_rank_001_alphafold2_ptm_model_5_seed_000	KAJ6241585
KAJ5067332_1_EUK_EF2_unrelaxed_rank_001_alphafold2_ptm_model_5_seed_000	KAJ5067332
GIX64181_1_EUK_EF2_unrelaxed_rank_001_alphafold2_ptm_model_3_seed_000	GIX64181_1
KAK1940367_1_EUK_EF2_unrelaxed_rank_001_alphafold2_ptm_model_3_seed_000	KAK1940367
XP_012649502_EUK_EF2_unrelaxed_rank_001_alphafold2_ptm_model_3_seed_000	XP_0126495
GFE55698_1_EUK_EF2_unrelaxed_rank_001_alphafold2_ptm_model_5_seed_000	GFE55698_1
XP_028870878_EUK_EF2_unrelaxed_rank_001_alphafold2_ptm_model_5_seed_000	XP_0288708
XP_004830510_EUK_EF2_unrelaxed_rank_001_alphafold2_ptm_model_5_seed_000	XP_0048305
XP_012767620_EUK_EF2_unrelaxed_rank_001_alphafold2_ptm_model_5_seed_000	XP_0127676
XP_028867625_EUK_EF2_unrelaxed_rank_001_alphafold2_ptm_model_5_seed_000	XP_0288676
BDG15136_1_EUK_EF2_unrelaxed_rank_001_alphafold2_ptm_model_5_seed_000	BDG15136_1
KAK1442945_1_EUK_HUNKNOWN_unrelaxed_rank_001_alphafold2_ptm_model_5_seed_000	KAK1442945
KAK2197579_1_EUK_EF2_unrelaxed_rank_001_alphafold2_ptm_model_5_seed_000	KAK2197579
KAJ1614925_1_EUK_EF2_unrelaxed_rank_001_alphafold2_ptm_model_5_seed_000	KAJ1614925
EKD45601_1_BAC_HUNKNOWN_unrelaxed_rank_001_alphafold2_ptm_model_3_seed_000	EKD45601_1
HZL96974_1_BAC_EF2_unrelaxed_rank_001_alphafold2_ptm_model_3_seed_000	HZL96974_1
NNF87764_1_BAC_EF2_unrelaxed_rank_001_alphafold2_ptm_model_4_seed_000	NNF87764_1
NNL47710_1_BAC_EF2_unrelaxed_rank_001_alphafold2_ptm_model_3_seed_000	NNL47710_1
GBF31711_1_BAC_EF2_unrelaxed_rank_001_alphafold2_ptm_model_3_seed_000	GBF31711_1
MBE2295929_1_BAC_EF2_unrelaxed_rank_001_alphafold2_ptm_model_3_seed_000	MBE2295929
UTW42864_1_BAC_EF2_unrelaxed_rank_001_alphafold2_ptm_model_3_seed_000	UTW42864_1
MCO5228226_1_BAC_EF2_unrelaxed_rank_001_alphafold2_ptm_model_3_seed_000	MCO5228226
HXF08925_1_BAC_EF2_unrelaxed_rank_001_alphafold2_ptm_model_3_seed_000	HXF08925_1
QEA04273_1_DUNKNOWN2_EF2_unrelaxed_rank_001_alphafold2_ptm_model_3_seed_000	QEA04273_1
KAB8314474_1_BAC_EF2_unrelaxed_rank_001_alphafold2_ptm_model_3_seed_000	KAB8314474
RAN73469_1_BAC_EF2_unrelaxed_rank_001_alphafold2_ptm_model_3_seed_000	RAN73469_1
QWT18571_1_BAC_EF2_unrelaxed_rank_001_alphafold2_ptm_model_2_seed_000	QWT18571_1
MCW4456613_1_BAC_EF2_unrelaxed_rank_001_alphafold2_ptm_model_3_seed_000	MCW4456613
OUL10813_1_BAC_EF2_unrelaxed_rank_001_alphafold2_ptm_model_3_seed_000	OUL10813_1
NED68629_1_BAC_EF2_unrelaxed_rank_001_alphafold2_ptm_model_3_seed_000	NED68629_1
TGR50209_1_BAC_EF2_unrelaxed_rank_001_alphafold2_ptm_model_3_seed_000	TGR50209_1
HXD82789_1_BAC_EF2_unrelaxed_rank_001_alphafold2_ptm_model_3_seed_000	HXD82789_1
HZM59705_1_BAC_EF2_unrelaxed_rank_001_alphafold2_ptm_model_3_seed_000	HZM59705_1
HZZ98583_1_BAC_EF2_unrelaxed_rank_001_alphafold2_ptm_model_2_seed_000	HZZ98583_1
MDP6833904_1_BAC_EF2_unrelaxed_rank_001_alphafold2_ptm_model_2_seed_000	MDP6833904
EKD74951_1_BAC_HUNKNOWN_unrelaxed_rank_001_alphafold2_ptm_model_3_seed_000	EKD74951_1
GBE50186_1_BAC_EF2_unrelaxed_rank_001_alphafold2_ptm_model_3_seed_000	GBE50186_1
WP_138146722_BAC_EF2_unrelaxed_rank_001_alphafold2_ptm_model_2_seed_000	WP_1381467
WP_139659768_BAC_EF2_unrelaxed_rank_001_alphafold2_ptm_model_3_seed_000	WP_1396597
WP_138120962_BAC_EF2_unrelaxed_rank_001_alphafold2_ptm_model_2_seed_000	WP_1381209
OUS33027_1_BAC_EF2_unrelaxed_rank_001_alphafold2_ptm_model_2_seed_000	OUS33027_1
WP_198262575_BAC_EF2_unrelaxed_rank_001_alphafold2_ptm_model_2_seed_000	WP_1982625
MDI9346923_1_BAC_EF2_unrelaxed_rank_001_alphafold2_ptm_model_2_seed_000	MDI9346923
MBT7424719_1_BAC_EF2_unrelaxed_rank_001_alphafold2_ptm_model_3_seed_000	MBT7424719
RLJ18730_1_BAC_EF2_unrelaxed_rank_001_alphafold2_ptm_model_3_seed_000	RLJ18730_1
RLJ21131_1_BAC_EF2_unrelaxed_rank_001_alphafold2_ptm_model_2_seed_000	RLJ21131_1
GBE06926_1_BAC_EF2_unrelaxed_rank_001_alphafold2_ptm_model_3_seed_000	GBE06926_1
MCF6355046_1_BAC_EF2_unrelaxed_rank_001_alphafold2_ptm_model_3_seed_000	MCF6355046
GMT39283_1_BAC_EF2_unrelaxed_rank_001_alphafold2_ptm_model_3_seed_000	GMT39283_1
MAZ48338_1_BAC_EF2_unrelaxed_rank_001_alphafold2_ptm_model_3_seed_000	MAZ48338_1
MCF6280717_1_BAC_EF2_unrelaxed_rank_001_alphafold2_ptm_model_3_seed_000	MCF6280717
MBO83262_1_BAC_EF2_unrelaxed_rank_001_alphafold2_ptm_model_3_seed_000	MBO83262_1
KYH38266_1_ARC_EF2_unrelaxed_rank_001_alphafold2_ptm_model_2_seed_000	KYH38266_1
RLG95810_1_ARC_EF2_unrelaxed_rank_001_alphafold2_ptm_model_2_seed_000	RLG95810_1
HDJ25874_1_ARC_EF2_unrelaxed_rank_001_alphafold2_ptm_model_3_seed_000	HDJ25874_1
HDI42214_1_ARC_EF2_unrelaxed_rank_001_alphafold2_ptm_model_3_seed_000	HDI42214_1
HDJ04527_1_ARC_EF2_unrelaxed_rank_001_alphafold2_ptm_model_3_seed_000	HDJ04527_1
RLG98130_1_ARC_EF2_unrelaxed_rank_001_alphafold2_ptm_model_3_seed_000	RLG98130_1
HIE15201_1_ARC_EF2_unrelaxed_rank_001_alphafold2_ptm_model_5_seed_000	HIE15201_1
MDH5447774_1_ARC_EF2_unrelaxed_rank_001_alphafold2_ptm_model_3_seed_000	MDH5447774
UCE96223_1_ARC_EF2_unrelaxed_rank_001_alphafold2_ptm_model_3_seed_000	UCE96223_1
MCD6240508_1_ARC_EF2_unrelaxed_rank_001_alphafold2_ptm_model_3_seed_000	MCD6240508
MCD6243417_1_ARC_EF2_unrelaxed_rank_001_alphafold2_ptm_model_3_seed_000	MCD6243417
UCD96250_1_ARC_EF2_unrelaxed_rank_001_alphafold2_ptm_model_3_seed_000	UCD96250_1
MCW3980629_1_ARC_EF2_unrelaxed_rank_001_alphafold2_ptm_model_3_seed_000	MCW3980629
MCW4052890_1_ARC_EF2_unrelaxed_rank_001_alphafold2_ptm_model_3_seed_000	MCW4052890
MCK4633652_1_ARC_EF2_unrelaxed_rank_001_alphafold2_ptm_model_5_seed_000	MCK4633652
TET58008_1_ARC_EF2_unrelaxed_rank_001_alphafold2_ptm_model_3_seed_000	TET58008_1
RLI41583_1_ARC_EF2_unrelaxed_rank_001_alphafold2_ptm_model_5_seed_000	RLI41583_1
UCE15876_1_ARC_EF2_unrelaxed_rank_001_alphafold2_ptm_model_3_seed_000	UCE15876_1
KPV64256_1_ARC_EF2_unrelaxed_rank_001_alphafold2_ptm_model_3_seed_000	KPV64256_1
MDH5390945_1_ARC_EF2_unrelaxed_rank_001_alphafold2_ptm_model_3_seed_000	MDH5390945
TET20536_1_ARC_EF2_unrelaxed_rank_001_alphafold2_ptm_model_3_seed_000	TET20536_1
TEU04999_1_ARC_EF2_unrelaxed_rank_001_alphafold2_ptm_model_3_seed_000	TEU04999_1
MDH5595832_1_ARC_EF2_unrelaxed_rank_001_alphafold2_ptm_model_3_seed_000	MDH5595832
MDH5460663_1_ARC_EF2_unrelaxed_rank_001_alphafold2_ptm_model_3_seed_000	MDH5460663
UCC33219_1_ARC_EF2_unrelaxed_rank_001_alphafold2_ptm_model_3_seed_000	UCC33219_1
MCW4034221_1_ARC_EF2_unrelaxed_rank_001_alphafold2_ptm_model_3_seed_000	MCW4034221
PVX25184_1_ARC_EF2_unrelaxed_rank_001_alphafold2_ptm_model_3_seed_000	PVX25184_1
MCW4023327_1_ARC_EF2_unrelaxed_rank_001_alphafold2_ptm_model_3_seed_000	MCW4023327
MDG6223549_1_ARC_EF2_unrelaxed_rank_001_alphafold2_ptm_model_3_seed_000	MDG6223549
MCJ7614609_1_ARC_EF2_unrelaxed_rank_001_alphafold2_ptm_model_3_seed_000	MCJ7614609
MCZ2808562_1_ARC_EF2_unrelaxed_rank_001_alphafold2_ptm_model_3_seed_000	MCZ2808562
MDH5690429_1_ARC_EF2_unrelaxed_rank_001_alphafold2_ptm_model_3_seed_000	MDH5690429
UCC57652_1_ARC_EF2_unrelaxed_rank_001_alphafold2_ptm_model_3_seed_000	UCC57652_1
HDQ06618_1_ARC_EF2_unrelaxed_rank_001_alphafold2_ptm_model_3_seed_000	HDQ06618_1
MBE0511871_1_ARC_EF2_unrelaxed_rank_001_alphafold2_ptm_model_3_seed_000	MBE0511871
MDH5390375_1_ARC_EF2_unrelaxed_rank_001_alphafold2_ptm_model_3_seed_000	MDH5390375
MCW3977926_1_ARC_EF2_unrelaxed_rank_001_alphafold2_ptm_model_3_seed_000	MCW3977926
MDH5419557_1_ARC_EF2_unrelaxed_rank_001_alphafold2_ptm_model_3_seed_000	MDH5419557
MDH5702112_1_ARC_EF2_unrelaxed_rank_001_alphafold2_ptm_model_3_seed_000	MDH5702112
UCD26161_1_ARC_EF2_unrelaxed_rank_001_alphafold2_ptm_model_3_seed_000	UCD26161_1
UCE57836_1_ARC_EF2_unrelaxed_rank_001_alphafold2_ptm_model_3_seed_000	UCE57836_1
MDH5754807_1_ARC_EF2_unrelaxed_rank_001_alphafold2_ptm_model_5_seed_000	MDH5754807
MDI6847106_1_ARC_EF2_unrelaxed_rank_001_alphafold2_ptm_model_3_seed_000	MDI6847106
MCW3994080_1_ARC_EF2_unrelaxed_rank_001_alphafold2_ptm_model_3_seed_000	MCW3994080
NIO38593_1_ARC_EF2_unrelaxed_rank_001_alphafold2_ptm_model_3_seed_000	NIO38593_1
HDD70366_1_ARC_EF2_unrelaxed_rank_001_alphafold2_ptm_model_3_seed_000	HDD70366_1
MBX5320560_1_ARC_EF2_unrelaxed_rank_001_alphafold2_ptm_model_3_seed_000	MBX5320560
PMB74134_1_ARC_EF2_unrelaxed_rank_001_alphafold2_ptm_model_3_seed_000	PMB74134_1
MBS7608224_1_ARC_EF2_unrelaxed_rank_001_alphafold2_ptm_model_3_seed_000	MBS7608224
RLI22616_1_ARC_EF2_unrelaxed_rank_001_alphafold2_ptm_model_3_seed_000	RLI22616_1
RLI42529_1_ARC_EF2_unrelaxed_rank_001_alphafold2_ptm_model_3_seed_000	RLI42529_1
MCD6431761_1_ARC_EF2_unrelaxed_rank_001_alphafold2_ptm_model_3_seed_000	MCD6431761
MCD6445574_1_ARC_EF2_unrelaxed_rank_001_alphafold2_ptm_model_3_seed_000	MCD6445574
RLI16085_1_ARC_EF2_unrelaxed_rank_001_alphafold2_ptm_model_3_seed_000	RLI16085_1
MBS7250679_1_ARC_EF2_unrelaxed_rank_001_alphafold2_ptm_model_3_seed_000	MBS7250679
MDO8080575_1_ARC_EF2_unrelaxed_rank_001_alphafold2_ptm_model_3_seed_000	MDO8080575
MEB2836727_1_ARC_EF2_unrelaxed_rank_001_alphafold2_ptm_model_3_seed_000	MEB2836727
MEB3851738_1_ARC_EF2_unrelaxed_rank_001_alphafold2_ptm_model_3_seed_000	MEB3851738
RLI31881_1_ARC_EF2_unrelaxed_rank_001_alphafold2_ptm_model_3_seed_000	RLI31881_1
MCD6263220_1_ARC_EF2_unrelaxed_rank_001_alphafold2_ptm_model_3_seed_000	MCD6263220
RJS89223_1_ARC_EF2_unrelaxed_rank_001_alphafold2_ptm_model_3_seed_000	RJS89223_1
MBL7169188_1_ARC_EF2_unrelaxed_rank_001_alphafold2_ptm_model_3_seed_000	MBL7169188
RLG93011_1_ARC_EF2_unrelaxed_rank_001_alphafold2_ptm_model_3_seed_000	RLG93011_1
RLI30093_1_ARC_EF2_unrelaxed_rank_001_alphafold2_ptm_model_3_seed_000	RLI30093_1
HDI07320_1_ARC_EF2_unrelaxed_rank_001_alphafold2_ptm_model_3_seed_000	HDI07320_1
KYH40633_1_ARC_EF2_unrelaxed_rank_001_alphafold2_ptm_model_3_seed_000	KYH40633_1
MCD6538099_1_ARC_EF2_unrelaxed_rank_001_alphafold2_ptm_model_3_seed_000	MCD6538099
MCD6088249_1_ARC_EF2_unrelaxed_rank_001_alphafold2_ptm_model_3_seed_000	MCD6088249
RJS83199_1_ARC_EF2_unrelaxed_rank_001_alphafold2_ptm_model_3_seed_000	RJS83199_1
RLI12916_1_ARC_EF2_unrelaxed_rank_001_alphafold2_ptm_model_3_seed_000	RLI12916_1
RJS88024_1_ARC_EF2_unrelaxed_rank_001_alphafold2_ptm_model_3_seed_000	RJS88024_1
RJS91914_1_ARC_EF2_unrelaxed_rank_001_alphafold2_ptm_model_3_seed_000	RJS91914_1
HIE18578_1_ARC_EF2_unrelaxed_rank_001_alphafold2_ptm_model_5_seed_000	HIE18578_1
OYT47240_1_ARC_EF2_unrelaxed_rank_001_alphafold2_ptm_model_3_seed_000	OYT47240_1
KYH41048_1_ARC_EF2_unrelaxed_rank_001_alphafold2_ptm_model_3_seed_000	KYH41048_1
XP_037680051_EUK_EF2_unrelaxed_rank_001_alphafold2_ptm_model_5_seed_000	XP_0376800
XP_045846733_EUK_EF2_unrelaxed_rank_001_alphafold2_ptm_model_5_seed_000	XP_0458467
XP_003981745_EUK_EF2_unrelaxed_rank_001_alphafold2_ptm_model_5_seed_000	XP_0039817
XP_006754123_EUK_EF2_unrelaxed_rank_001_alphafold2_ptm_model_5_seed_000	XP_0067541
XP_007109354_EUK_EF2_unrelaxed_rank_001_alphafold2_ptm_model_5_seed_000	XP_0071093
KAI4542506_1_EUK_HUNKNOWN_unrelaxed_rank_001_alphafold2_ptm_model_5_seed_000	KAI4542506
NP_001068589_EUK_EF2_unrelaxed_rank_001_alphafold2_ptm_model_5_seed_000	NP_0010685
XP_028376559_EUK_EF2_unrelaxed_rank_001_alphafold2_ptm_model_5_seed_000	XP_0283765
XP_040123258_EUK_EF2_unrelaxed_rank_001_alphafold2_ptm_model_5_seed_000	XP_0401232
XP_058138084_EUK_EF2_unrelaxed_rank_001_alphafold2_ptm_model_5_seed_000	XP_0581380
XP_019599791_EUK_EF2_unrelaxed_rank_001_alphafold2_ptm_model_5_seed_000	XP_0195997
XP_043832798_EUK_EF2_unrelaxed_rank_001_alphafold2_ptm_model_5_seed_000	XP_0438327
XP_012753483_EUK_HUNKNOWN_unrelaxed_rank_001_alphafold2_ptm_model_5_seed_000	XP_0127534
XP_020427136_EUK_EF2_unrelaxed_rank_001_alphafold2_ptm_model_5_seed_000	XP_0204271
XP_004350624_EUK_EF2_unrelaxed_rank_001_alphafold2_ptm_model_5_seed_000	XP_0043506
XP_003293307_EUK_EF2_unrelaxed_rank_001_alphafold2_ptm_model_5_seed_000	XP_0032933
XP_636721_EUK_EF2_unrelaxed_rank_001_alphafold2_ptm_model_5_seed_000	XP_636721_
KAF2069460_1_EUK_HUNKNOWN_unrelaxed_rank_001_alphafold2_ptm_model_3_seed_000	KAF2069460
KYQ93770_1_EUK_EF2_unrelaxed_rank_001_alphafold2_ptm_model_3_seed_000	KYQ93770_1
MDL5597185_1_BAC_EF2_unrelaxed_rank_001_alphafold2_ptm_model_2_seed_000	MDL5597185
QPN45040_1_BAC_EF2_unrelaxed_rank_001_alphafold2_ptm_model_2_seed_000	QPN45040_1
QPN43527_1_BAC_EF2_unrelaxed_rank_001_alphafold2_ptm_model_3_seed_000	QPN43527_1
VTS66552_1_BAC_EF2_unrelaxed_rank_001_alphafold2_ptm_model_2_seed_000	VTS66552_1
APS85742_1_DUNKNOWN2_EF2_unrelaxed_rank_001_alphafold2_ptm_model_3_seed_000	APS85742_1
MDL5597680_1_BAC_EF2_unrelaxed_rank_001_alphafold2_ptm_model_3_seed_000	MDL5597680
MDA8978134_1_BAC_EF2_unrelaxed_rank_001_alphafold2_ptm_model_3_seed_000	MDA8978134
NVN57414_1_BAC_EF2_unrelaxed_rank_001_alphafold2_ptm_model_3_seed_000	NVN57414_1
MDA0812016_1_BAC_EF2_unrelaxed_rank_001_alphafold2_ptm_model_3_seed_000	MDA0812016
UTW44856_1_BAC_EF2_unrelaxed_rank_001_alphafold2_ptm_model_3_seed_000	UTW44856_1
APS85745_1_DUNKNOWN2_EF2_unrelaxed_rank_001_alphafold2_ptm_model_3_seed_000	APS85745_1
VTS41267_1_BAC_EF2_unrelaxed_rank_001_alphafold2_ptm_model_3_seed_000	VTS41267_1
NNE48422_1_BAC_EF2_unrelaxed_rank_001_alphafold2_ptm_model_3_seed_000	NNE48422_1
APS85739_1_DUNKNOWN2_EF2_unrelaxed_rank_001_alphafold2_ptm_model_3_seed_000	APS85739_1
HTQ99826_1_BAC_EF2_unrelaxed_rank_001_alphafold2_ptm_model_3_seed_000	HTQ99826_1
MBU28190_1_BAC_EF2_unrelaxed_rank_001_alphafold2_ptm_model_3_seed_000	MBU28190_1
MXW68884_1_BAC_EF2_unrelaxed_rank_001_alphafold2_ptm_model_3_seed_000	MXW68884_1
MBP9897331_1_BAC_EF2_unrelaxed_rank_001_alphafold2_ptm_model_2_seed_000	MBP9897331
GFD89406_1_BAC_EF2_unrelaxed_rank_001_alphafold2_ptm_model_3_seed_000	GFD89406_1
HES75636_1_BAC_EF2_unrelaxed_rank_001_alphafold2_ptm_model_5_seed_000	HES75636_1
GFD82161_1_BAC_EF2_unrelaxed_rank_001_alphafold2_ptm_model_3_seed_000	GFD82161_1
GFD76906_1_BAC_EF2_unrelaxed_rank_001_alphafold2_ptm_model_3_seed_000	GFD76906_1
MCP4263794_1_BAC_EF2_unrelaxed_rank_001_alphafold2_ptm_model_3_seed_000	MCP4263794
WP_121145142_BAC_EF2_unrelaxed_rank_001_alphafold2_ptm_model_3_seed_000	WP_1211401
WP_187756019_BAC_EF2_unrelaxed_rank_001_alphafold2_ptm_model_3_seed_000	WP_1877501
WP_136991106_BAC_EF2_unrelaxed_rank_001_alphafold2_ptm_model_3_seed_000	WP_1369911
WP_253306361_BAC_EF2_unrelaxed_rank_001_alphafold2_ptm_model_3_seed_000	WP_2533063
WP_005356375_BAC_EF2_unrelaxed_rank_001_alphafold2_ptm_model_3_seed_000	WP_0053563
WP_181270207_BAC_EF2_unrelaxed_rank_001_alphafold2_ptm_model_3_seed_000	WP_1812702
WP_005339913_BAC_EF2_unrelaxed_rank_001_alphafold2_ptm_model_4_seed_000	WP_0053399
WP_065559622_BAC_EF2_unrelaxed_rank_001_alphafold2_ptm_model_3_seed_000	WP_0655596
WP_065562791_BAC_EF2_unrelaxed_rank_001_alphafold2_ptm_model_3_seed_000	WP_0655627
MBE2898791_1_BAC_EF2_unrelaxed_rank_001_alphafold2_ptm_model_3_seed_000	MBE2898791
WP_208119020_BAC_EF2_unrelaxed_rank_001_alphafold2_ptm_model_3_seed_000	WP_2081190
WP_208121148_BAC_EF2_unrelaxed_rank_001_alphafold2_ptm_model_3_seed_000	WP_2081211
CVQ51611_1_BAC_EF2_unrelaxed_rank_001_alphafold2_ptm_model_2_seed_000	CVQ51611_1
WP_034616420_BAC_EF2_unrelaxed_rank_001_alphafold2_ptm_model_2_seed_000	WP_0346164
WP_100052167_BAC_EF2_unrelaxed_rank_001_alphafold2_ptm_model_3_seed_000	WP_1000521
WP_105883141_BAC_EF2_unrelaxed_rank_001_alphafold2_ptm_model_3_seed_000	WP_1058831
WP_178162572_BAC_EF2_unrelaxed_rank_001_alphafold2_ptm_model_3_seed_000	WP_1781625
WP_015431790_BAC_EF2_unrelaxed_rank_001_alphafold2_ptm_model_3_seed_000	WP_0154317
WP_025267368_BAC_EF2_unrelaxed_rank_001_alphafold2_ptm_model_3_seed_000	WP_0252673
EFV8052926_1_BAC_EF2_unrelaxed_rank_001_alphafold2_ptm_model_2_seed_000	EFV8052926
EFX7232585_1_BAC_EF2_unrelaxed_rank_001_alphafold2_ptm_model_2_seed_000	EFX7232585
ALJ52423_1_DUNKNOWN2_EF2_unrelaxed_rank_001_alphafold2_ptm_model_2_seed_000	ALJ52423_1
EFY8742156_1_BAC_EF2_unrelaxed_rank_001_alphafold2_ptm_model_2_seed_000	EFY8742156
EHX7240786_1_BAC_EF2_unrelaxed_rank_001_alphafold2_ptm_model_2_seed_000	EHX7240786
HCJ2691629_1_BAC_EF2_unrelaxed_rank_001_alphafold2_ptm_model_2_seed_000	HCJ2691629
WP_077136410_BAC_EF2_unrelaxed_rank_001_alphafold2_ptm_model_2_seed_000	WP_0771364
EFW0070572_1_BAC_EF2_unrelaxed_rank_001_alphafold2_ptm_model_2_seed_000	EFW0070572
WP_096037745_BAC_EF2_unrelaxed_rank_001_alphafold2_ptm_model_2_seed_000	WP_0960377
WP_209297628_BAC_EF2_unrelaxed_rank_001_alphafold2_ptm_model_3_seed_000	WP_2092976
WP_245097275_BAC_EF2_unrelaxed_rank_001_alphafold2_ptm_model_3_seed_000	WP_2450972
WP_005360260_BAC_EF2_unrelaxed_rank_001_alphafold2_ptm_model_3_seed_000	WP_0053602
WP_050666926_BAC_EF2_unrelaxed_rank_001_alphafold2_ptm_model_3_seed_000	WP_0506669
MBB6057083_1_BAC_EF2_unrelaxed_rank_001_alphafold2_ptm_model_3_seed_000	MBB6057083
WP_024871550_BAC_EF2_unrelaxed_rank_001_alphafold2_ptm_model_3_seed_000	WP_0248701
WP_316672836_BAC_EF2_unrelaxed_rank_001_alphafold2_ptm_model_5_seed_000	WP_3166728
WP_042048502_BAC_EF2_unrelaxed_rank_001_alphafold2_ptm_model_3_seed_000	WP_0420485
WP_021229318_BAC_EF2_unrelaxed_rank_001_alphafold2_ptm_model_3_seed_000	WP_0212293
WP_158113539_BAC_EF2_unrelaxed_rank_001_alphafold2_ptm_model_3_seed_000	WP_1581135
WP_100294199_BAC_EF2_unrelaxed_rank_001_alphafold2_ptm_model_3_seed_000	WP_1002941
WP_040099148_BAC_EF2_unrelaxed_rank_001_alphafold2_ptm_model_3_seed_000	WP_0400991
WP_108572730_BAC_EF2_unrelaxed_rank_001_alphafold2_ptm_model_3_seed_000	WP_1085727
WP_216979948_BAC_EF2_unrelaxed_rank_001_alphafold2_ptm_model_3_seed_000	WP_2169799
EIH5001301_1_BAC_EF2_unrelaxed_rank_001_alphafold2_ptm_model_3_seed_000	EIH5001301
VTQ26389_1_BAC_EF2_unrelaxed_rank_001_alphafold2_ptm_model_3_seed_000	VTQ26389_1
HCR5582035_1_BAC_EF2_unrelaxed_rank_001_alphafold2_ptm_model_5_seed_000	HCR5582035
EIN7789448_1_BAC_EF2_unrelaxed_rank_001_alphafold2_ptm_model_2_seed_000	EIN7789448
WP_128271248_BAC_EF2_unrelaxed_rank_001_alphafold2_ptm_model_2_seed_000	WP_1282712
EFS5571453_1_BAC_EF2_unrelaxed_rank_001_alphafold2_ptm_model_3_seed_000	EFS5571453
WP_237817321_BAC_EF2_unrelaxed_rank_001_alphafold2_ptm_model_3_seed_000	WP_2378173
EFV6440530_1_BAC_EF2_unrelaxed_rank_001_alphafold2_ptm_model_3_seed_000	EFV6440530
EGD7865782_1_BAC_EF2_unrelaxed_rank_001_alphafold2_ptm_model_3_seed_000	EGD7865782
EFP8082676_1_BAC_EF2_unrelaxed_rank_001_alphafold2_ptm_model_3_seed_000	EFP8082676
HCR7563611_1_BAC_EF2_unrelaxed_rank_001_alphafold2_ptm_model_3_seed_000	HCR7563611
MEB4675639_1_BAC_EF2_unrelaxed_rank_001_alphafold2_ptm_model_3_seed_000	MEB4675639
EFZ0138155_1_BAC_EF2_unrelaxed_rank_001_alphafold2_ptm_model_2_seed_000	EFZ0138155
EFZ8419358_1_BAC_EF2_unrelaxed_rank_001_alphafold2_ptm_model_2_seed_000	EFZ8419358
HAY9109497_1_BAC_EF2_unrelaxed_rank_001_alphafold2_ptm_model_2_seed_000	HAY9109497
HCO16600_1_BAC_EF2_unrelaxed_rank_001_alphafold2_ptm_model_2_seed_000	HCO16600_1
HAY5732222_1_BAC_EF2_unrelaxed_rank_001_alphafold2_ptm_model_2_seed_000	HAY5732222
WP_220680022_BAC_EF2_unrelaxed_rank_001_alphafold2_ptm_model_3_seed_000	WP_2206800
HKR54867_1_BAC_EF2_unrelaxed_rank_001_alphafold2_ptm_model_3_seed_000	HKR54867_1
MBU3542422_1_BAC_EF2_unrelaxed_rank_001_alphafold2_ptm_model_3_seed_000	MBU3542422
WP_121091543_BAC_EF2_unrelaxed_rank_001_alphafold2_ptm_model_3_seed_000	WP_1210915
HTH73950_1_BAC_EF2_unrelaxed_rank_001_alphafold2_ptm_model_3_seed_000	HTH73950_1
VDH01320_1_BAC_EF2_unrelaxed_rank_001_alphafold2_ptm_model_3_seed_000	VDH01320_1
CAH2809912_1_BAC_EF2_unrelaxed_rank_001_alphafold2_ptm_model_3_seed_000	CAH2809912
WP_277431661_BAC_EF2_unrelaxed_rank_001_alphafold2_ptm_model_3_seed_000	WP_2774316
WP_018442854_BAC_EF2_unrelaxed_rank_001_alphafold2_ptm_model_3_seed_000	WP_0184428
WP_107153025_BAC_EF2_unrelaxed_rank_001_alphafold2_ptm_model_3_seed_000	WP_1071530
WP_085228324_BAC_EF2_unrelaxed_rank_001_alphafold2_ptm_model_3_seed_000	WP_0852283
WP_090873972_BAC_EF2_unrelaxed_rank_001_alphafold2_ptm_model_3_seed_000	WP_0908739
MCG1041848_1_BAC_EF2_unrelaxed_rank_001_alphafold2_ptm_model_3_seed_000	MCG1041848
WP_013434779_BAC_EF2_unrelaxed_rank_001_alphafold2_ptm_model_3_seed_000	WP_0134347
WP_133190723_BAC_EF2_unrelaxed_rank_001_alphafold2_ptm_model_4_seed_000	WP_1331907
WP_219798711_BAC_EF2_unrelaxed_rank_001_alphafold2_ptm_model_4_seed_000	WP_2197987
WP_087739313_BAC_EF2_unrelaxed_rank_001_alphafold2_ptm_model_4_seed_000	WP_0877393
WP_102645104_BAC_EF2_unrelaxed_rank_001_alphafold2_ptm_model_4_seed_000	WP_1026451
WP_076785646_BAC_EF2_unrelaxed_rank_001_alphafold2_ptm_model_4_seed_000	WP_0767856
WP_104077833_BAC_EF2_unrelaxed_rank_001_alphafold2_ptm_model_4_seed_000	WP_1040778
ACN58903_1_BAC_EF2_unrelaxed_rank_001_alphafold2_ptm_model_3_seed_000	ACN58903_1
TGP43996_1_BAC_EF2_unrelaxed_rank_001_alphafold2_ptm_model_3_seed_000	TGP43996_1
RBL81625_1_BAC_EF2_unrelaxed_rank_001_alphafold2_ptm_model_3_seed_000	RBL81625_1
SHS67803_1_BAC_EF2_unrelaxed_rank_001_alphafold2_ptm_model_3_seed_000	SHS67803_1
WP_040050474_BAC_EF2_unrelaxed_rank_001_alphafold2_ptm_model_3_seed_000	WP_0400504
WP_309763886_BAC_EF2_unrelaxed_rank_001_alphafold2_ptm_model_3_seed_000	WP_3097638
KND58112_1_BAC_EF2_unrelaxed_rank_001_alphafold2_ptm_model_3_seed_000	KND58112_1
WP_035970545_BAC_EF2_unrelaxed_rank_001_alphafold2_ptm_model_3_seed_000	WP_0359705
WP_175946435_BAC_EF2_unrelaxed_rank_001_alphafold2_ptm_model_3_seed_000	WP_1759464
WP_250538574_BAC_EF2_unrelaxed_rank_001_alphafold2_ptm_model_3_seed_000	WP_2505385
HTJ91674_1_BAC_EF2_unrelaxed_rank_001_alphafold2_ptm_model_3_seed_000	HTJ91674_1
MBE0592391_1_BAC_EF2_unrelaxed_rank_001_alphafold2_ptm_model_3_seed_000	MBE0592391
SHT39586_1_BAC_EF2_unrelaxed_rank_001_alphafold2_ptm_model_3_seed_000	SHT39586_1
MCC7458184_1_BAC_EF2_unrelaxed_rank_001_alphafold2_ptm_model_3_seed_000	MCC7458184
NGR09055_1_BAC_EF2_unrelaxed_rank_001_alphafold2_ptm_model_3_seed_000	NGR09055_1
MDH4867376_1_BAC_EF2_unrelaxed_rank_001_alphafold2_ptm_model_4_seed_000	MDH4867376
CAG0989522_1_BAC_EF2_unrelaxed_rank_001_alphafold2_ptm_model_3_seed_000	CAG0989522
KAF0098120_1_BAC_EF2_unrelaxed_rank_001_alphafold2_ptm_model_5_seed_000	KAF0098120
PJB32331_1_BAC_EF2_unrelaxed_rank_001_alphafold2_ptm_model_3_seed_000	PJB32331_1
TAJ16096_1_BAC_EF2_unrelaxed_rank_001_alphafold2_ptm_model_3_seed_000	TAJ16096_1
MBS1732452_1_BAC_EF2_unrelaxed_rank_001_alphafold2_ptm_model_5_seed_000	MBS1732452
MDI9335014_1_BAC_EF2_unrelaxed_rank_001_alphafold2_ptm_model_2_seed_000	MDI9335014
WP_304788840_BAC_EF2_unrelaxed_rank_001_alphafold2_ptm_model_3_seed_000	WP_3047888
MBN2952729_1_BAC_EF2_unrelaxed_rank_001_alphafold2_ptm_model_3_seed_000	MBN2952729
NMM90195_1_BAC_EF2_unrelaxed_rank_001_alphafold2_ptm_model_3_seed_000	NMM90195_1
OOK65134_1_BAC_EF2_unrelaxed_rank_001_alphafold2_ptm_model_3_seed_000	OOK65134_1
MCG1030933_1_BAC_EF2_unrelaxed_rank_001_alphafold2_ptm_model_3_seed_000	MCG1030933
MDR1612751_1_BAC_EF2_unrelaxed_rank_001_alphafold2_ptm_model_2_seed_000	MDR1612751
MBU6489850_1_BAC_EF2_unrelaxed_rank_001_alphafold2_ptm_model_3_seed_000	MBU6489850
TAM49386_1_BAC_EF2_unrelaxed_rank_001_alphafold2_ptm_model_3_seed_000	TAM49386_1
KEK50532_1_BAC_EF2_unrelaxed_rank_001_alphafold2_ptm_model_3_seed_000	KEK50532_1
MDI1300520_1_BAC_EF2_unrelaxed_rank_001_alphafold2_ptm_model_3_seed_000	MDI1300520
RZK45854_1_BAC_EF2_unrelaxed_rank_001_alphafold2_ptm_model_3_seed_000	RZK45854_1
GGL93820_1_BAC_EF2_unrelaxed_rank_001_alphafold2_ptm_model_3_seed_000	GGL93820_1
TGP43537_1_BAC_EF2_unrelaxed_rank_001_alphafold2_ptm_model_3_seed_000	TGP43537_1
WP_124154011_BAC_EF2_unrelaxed_rank_001_alphafold2_ptm_model_3_seed_000	WP_1241540
WP_233864971_BAC_EF2_unrelaxed_rank_001_alphafold2_ptm_model_3_seed_000	WP_2338649
WP_103706964_BAC_EF2_unrelaxed_rank_001_alphafold2_ptm_model_3_seed_000	WP_1037069
KND56706_1_BAC_EF2_unrelaxed_rank_001_alphafold2_ptm_model_2_seed_000	KND56706_1
WP_087049853_BAC_EF2_unrelaxed_rank_001_alphafold2_ptm_model_2_seed_000	WP_0870498
TGP40808_1_BAC_EF2_unrelaxed_rank_001_alphafold2_ptm_model_2_seed_000	TGP40808_1
WP_008343818_BAC_EF2_unrelaxed_rank_001_alphafold2_ptm_model_3_seed_000	WP_0083438
WP_061138395_BAC_EF2_unrelaxed_rank_001_alphafold2_ptm_model_3_seed_000	WP_0611383
SAL73356_1_BAC_EF2_unrelaxed_rank_001_alphafold2_ptm_model_3_seed_000	SAL73356_1
WP_069269330_BAC_EF2_unrelaxed_rank_001_alphafold2_ptm_model_3_seed_000	WP_0692693
WP_091913457_BAC_EF2_unrelaxed_rank_001_alphafold2_ptm_model_3_seed_000	WP_0919134
NRO96337_1_BAC_EF2_unrelaxed_rank_001_alphafold2_ptm_model_3_seed_000	NRO96337_1
HAS8350478_1_BAC_EF2_unrelaxed_rank_001_alphafold2_ptm_model_3_seed_000	HAS8350478
SGD52823_1_BAC_EF2_unrelaxed_rank_001_alphafold2_ptm_model_3_seed_000	SGD52823_1
SST03836_1_BAC_EF2_unrelaxed_rank_001_alphafold2_ptm_model_3_seed_000	SST03836_1
EFZ0272406_1_BAC_EF2_unrelaxed_rank_001_alphafold2_ptm_model_3_seed_000	EFZ0272406
ELL4640690_1_BAC_EF2_unrelaxed_rank_001_alphafold2_ptm_model_3_seed_000	ELL4640690
WP_000124703_BAC_EF2_unrelaxed_rank_001_alphafold2_ptm_model_3_seed_000	WP_0001200
EMC4173044_1_BAC_EF2_unrelaxed_rank_001_alphafold2_ptm_model_3_seed_000	EMC4173044
WP_039065223_BAC_EF2_unrelaxed_rank_001_alphafold2_ptm_model_3_seed_000	WP_0390652
WP_288648633_BAC_EF2_unrelaxed_rank_001_alphafold2_ptm_model_3_seed_000	WP_2886486
EFP7920870_1_BAC_EF2_unrelaxed_rank_001_alphafold2_ptm_model_3_seed_000	EFP7920870
EJC0008339_1_BAC_EF2_unrelaxed_rank_001_alphafold2_ptm_model_3_seed_000	EJC0008339
EFW2128022_1_BAC_EF2_unrelaxed_rank_001_alphafold2_ptm_model_3_seed_000	EFW2128022
EJC4958136_1_BAC_EF2_unrelaxed_rank_001_alphafold2_ptm_model_3_seed_000	EJC4958136
EIF9434311_1_BAC_EF2_unrelaxed_rank_001_alphafold2_ptm_model_3_seed_000	EIF9434311
EGE2237529_1_BAC_EF2_unrelaxed_rank_001_alphafold2_ptm_model_3_seed_000	EGE2237529
MCM1280293_1_BAC_EF2_unrelaxed_rank_001_alphafold2_ptm_model_4_seed_000	MCM1280293
EFX6840000_1_BAC_EF2_unrelaxed_rank_001_alphafold2_ptm_model_3_seed_000	EFX6840000
EFW7496363_1_BAC_EF2_unrelaxed_rank_001_alphafold2_ptm_model_3_seed_000	EFW7496363
HBD6424798_1_BAC_EF2_unrelaxed_rank_001_alphafold2_ptm_model_3_seed_000	HBD6424798
EHM3161930_1_BAC_EF2_unrelaxed_rank_001_alphafold2_ptm_model_3_seed_000	EHM3161930
EIX7021124_1_BAC_EF2_unrelaxed_rank_001_alphafold2_ptm_model_3_seed_000	EIX7021124
EHN2274693_1_BAC_EF2_unrelaxed_rank_001_alphafold2_ptm_model_3_seed_000	EHN2274693
EHV9581961_1_BAC_EF2_unrelaxed_rank_001_alphafold2_ptm_model_3_seed_000	EHV9581961
WP_000124698_BAC_EF2_unrelaxed_rank_001_alphafold2_ptm_model_3_seed_000	WP_0001201
WP_000124706_BAC_EF2_unrelaxed_rank_001_alphafold2_ptm_model_3_seed_000	WP_0001202
RLG78410_1_ARC_EF2_unrelaxed_rank_001_alphafold2_ptm_model_3_seed_000	RLG78410_1
RLI22124_1_ARC_EF2_unrelaxed_rank_001_alphafold2_ptm_model_5_seed_000	RLI22124_1
KKF68243_1_BAC_EF2_unrelaxed_rank_001_alphafold2_ptm_model_3_seed_000	KKF68243_1
WP_253381498_BAC_EF2_unrelaxed_rank_001_alphafold2_ptm_model_3_seed_000	WP_2533814
WP_108476645_BAC_EF2_unrelaxed_rank_001_alphafold2_ptm_model_3_seed_000	WP_1084766
MDI7074749_1_BAC_EF2_unrelaxed_rank_001_alphafold2_ptm_model_3_seed_000	MDI7074749
WP_000124700_BAC_EF2_unrelaxed_rank_001_alphafold2_ptm_model_3_seed_000	WP_0001203
MCG1034025_1_BAC_EF2_unrelaxed_rank_001_alphafold2_ptm_model_3_seed_000	MCG1034025
OOK63606_1_BAC_EF2_unrelaxed_rank_001_alphafold2_ptm_model_3_seed_000	OOK63606_1
TIM56892_1_BAC_EF2_unrelaxed_rank_001_alphafold2_ptm_model_3_seed_000	TIM56892_1
MDW5506771_1_BAC_EF2_unrelaxed_rank_001_alphafold2_ptm_model_3_seed_000	MDW5506771
NWA46196_1_BAC_EF2_unrelaxed_rank_001_alphafold2_ptm_model_3_seed_000	NWA46196_1
VTQ56817_1_BAC_EF2_unrelaxed_rank_001_alphafold2_ptm_model_2_seed_000	VTQ56817_1
MBH4410322_1_BAC_EF2_unrelaxed_rank_001_alphafold2_ptm_model_3_seed_000	MBH4410322
MBS1203778_1_BAC_EF2_unrelaxed_rank_001_alphafold2_ptm_model_3_seed_000	MBS1203778
WP_259002869_BAC_EF2_unrelaxed_rank_001_alphafold2_ptm_model_3_seed_000	WP_2590028
PWI48410_1_ARC_EF2_unrelaxed_rank_001_alphafold2_ptm_model_3_seed_000	PWI48410_1
UCE13057_1_ARC_HUNKNOWN_unrelaxed_rank_001_alphafold2_ptm_model_3_seed_000	UCE13057_1
MCK4849420_1_ARC_EF2_unrelaxed_rank_001_alphafold2_ptm_model_3_seed_000	MCK4849420
UCG03694_1_ARC_HUNKNOWN_unrelaxed_rank_001_alphafold2_ptm_model_3_seed_000	UCG03694_1
UCG90119_1_ARC_HUNKNOWN_unrelaxed_rank_001_alphafold2_ptm_model_3_seed_000	UCG90119_1
MCY4787950_1_BAC_EF2_unrelaxed_rank_001_alphafold2_ptm_model_3_seed_000	MCY4787950
SVK46514_1_BAC_EF2_unrelaxed_rank_001_alphafold2_ptm_model_3_seed_000	SVK46514_1
WP_000124696_BAC_EF2_unrelaxed_rank_001_alphafold2_ptm_model_3_seed_000	WP_0001204
KAK2087057_1_EUK_EF2_unrelaxed_rank_001_alphafold2_ptm_model_5_seed_000	KAK2087057
XP_051684885_EUK_EF2_unrelaxed_rank_001_alphafold2_ptm_model_5_seed_000	XP_0516848
MXQ83852_1_EUK_HUNKNOWN_unrelaxed_rank_001_alphafold2_ptm_model_5_seed_000	MXQ83852_1
XP_006179376_EUK_EF2_unrelaxed_rank_001_alphafold2_ptm_model_5_seed_000	XP_0061793
XP_006902217_EUK_EF2_unrelaxed_rank_001_alphafold2_ptm_model_5_seed_000	XP_0069022
XP_024424604_EUK_EF2_unrelaxed_rank_001_alphafold2_ptm_model_5_seed_000	XP_0244246
XP_036898453_EUK_EF2_unrelaxed_rank_001_alphafold2_ptm_model_5_seed_000	XP_0368984
XP_010599561_EUK_EF2_unrelaxed_rank_001_alphafold2_ptm_model_5_seed_000	XP_0105995
XP_037360975_EUK_EF2_unrelaxed_rank_001_alphafold2_ptm_model_5_seed_000	XP_0373609
XP_003788794_EUK_EF2_unrelaxed_rank_001_alphafold2_ptm_model_5_seed_000	XP_0037887
NP_001252725_EUK_EF2_unrelaxed_rank_001_alphafold2_ptm_model_5_seed_000	NP_0012527
XP_002928507_EUK_EF2_unrelaxed_rank_001_alphafold2_ptm_model_5_seed_000	XP_0029285
KAI4573526_1_EUK_HUNKNOWN_unrelaxed_rank_001_alphafold2_ptm_model_5_seed_000	KAI4573526
EFB25372_1_EUK_HUNKNOWN_unrelaxed_rank_001_alphafold2_ptm_model_5_seed_000	EFB25372_1
XP_004378521_EUK_EF2_unrelaxed_rank_001_alphafold2_ptm_model_5_seed_000	XP_0043785
XP_055975714_EUK_EF2_unrelaxed_rank_001_alphafold2_ptm_model_5_seed_000	XP_0559757
ESL05580_1_EUK_EF1_unrelaxed_rank_001_alphafold2_ptm_model_3_seed_000	ESL05580_1
MBS7269670_1_ARC_EF1_unrelaxed_rank_001_alphafold2_ptm_model_3_seed_000	MBS7269670
MBS7247712_1_ARC_EF1_unrelaxed_rank_001_alphafold2_ptm_model_3_seed_000	MBS7247712
MDO8063585_1_ARC_EF1_unrelaxed_rank_001_alphafold2_ptm_model_3_seed_000	MDO8063585
AAX40412_1_EUK_EF1_unrelaxed_rank_001_alphafold2_ptm_model_3_seed_000	AAX40412_1
CCC51155_1_EUK_EF1_unrelaxed_rank_001_alphafold2_ptm_model_4_seed_000	CCC51155_1
XP_029227693_EUK_EF1_unrelaxed_rank_001_alphafold2_ptm_model_2_seed_000	XP_0292276
BAN33726_1_EUK_EF1_unrelaxed_rank_001_alphafold2_ptm_model_4_seed_000	BAN33726_1
CEM14916_1_EUK_HUNKNOWN_unrelaxed_rank_001_alphafold2_ptm_model_4_seed_000	CEM14916_1
BBJ30884_1_EUK_HUNKNOWN_unrelaxed_rank_001_alphafold2_ptm_model_4_seed_000	BBJ30884_1
ACO50110_1_EUK_EF1_unrelaxed_rank_001_alphafold2_ptm_model_3_seed_000	ACO50110_1
CAK0772925_1_EUK_EF1_unrelaxed_rank_001_alphafold2_ptm_model_3_seed_000	CAK0772925
KAH7426089_1_EUK_HUNKNOWN_unrelaxed_rank_001_alphafold2_ptm_model_2_seed_000	KAH7426089
BDA44151_1_EUK_EF1_unrelaxed_rank_001_alphafold2_ptm_model_4_seed_000	BDA44151_1
KAH7287950_1_EUK_HUNKNOWN_unrelaxed_rank_001_alphafold2_ptm_model_4_seed_000	KAH7287950
KAJ8451258_1_EUK_HUNKNOWN_unrelaxed_rank_001_alphafold2_ptm_model_4_seed_000	KAJ8451258
KAH7430064_1_EUK_HUNKNOWN_unrelaxed_rank_001_alphafold2_ptm_model_4_seed_000	KAH7430064
QCC72911_1_EUK_EF1_unrelaxed_rank_001_alphafold2_ptm_model_4_seed_000	QCC72911_1
ACI02318_1_EUK_HUNKNOWN_unrelaxed_rank_001_alphafold2_ptm_model_3_seed_000	ACI02318_1
MDO8045674_1_ARC_EF1_unrelaxed_rank_001_alphafold2_ptm_model_3_seed_000	MDO8045674
UJG42682_1_ARC_EF1_unrelaxed_rank_001_alphafold2_ptm_model_3_seed_000	UJG42682_1
MCD6089099_1_ARC_EF1_unrelaxed_rank_001_alphafold2_ptm_model_3_seed_000	MCD6089099
RJS84168_1_ARC_EF1_unrelaxed_rank_001_alphafold2_ptm_model_3_seed_000	RJS84168_1
RLI13104_1_ARC_EF1_unrelaxed_rank_001_alphafold2_ptm_model_3_seed_000	RLI13104_1
UJG39935_1_ARC_EF1_unrelaxed_rank_001_alphafold2_ptm_model_3_seed_000	UJG39935_1
MCD6164494_1_ARC_EF1_unrelaxed_rank_001_alphafold2_ptm_model_3_seed_000	MCD6164494
KYH42741_1_ARC_EF1_unrelaxed_rank_001_alphafold2_ptm_model_3_seed_000	KYH42741_1
RJS93645_1_ARC_EF1_unrelaxed_rank_001_alphafold2_ptm_model_3_seed_000	RJS93645_1
MCW4025871_1_ARC_EF1_unrelaxed_rank_001_alphafold2_ptm_model_3_seed_000	MCW4025871
OYT47053_1_ARC_EF1_unrelaxed_rank_001_alphafold2_ptm_model_3_seed_000	OYT47053_1
MCD6325177_1_ARC_EF1_unrelaxed_rank_001_alphafold2_ptm_model_3_seed_000	MCD6325177
MBS7614164_1_ARC_EF1_unrelaxed_rank_001_alphafold2_ptm_model_3_seed_000	MBS7614164
MBS7656450_1_ARC_EF1_unrelaxed_rank_001_alphafold2_ptm_model_3_seed_000	MBS7656450
MCS7120035_1_ARC_EF1_unrelaxed_rank_001_alphafold2_ptm_model_3_seed_000	MCS7120035
RLI35852_1_ARC_EF1_unrelaxed_rank_001_alphafold2_ptm_model_3_seed_000	RLI35852_1
RLI45354_1_ARC_EF1_unrelaxed_rank_001_alphafold2_ptm_model_3_seed_000	RLI45354_1
PDM26414_1_ARC_EF1_unrelaxed_rank_001_alphafold2_ptm_model_3_seed_000	PDM26414_1
RLI23623_1_ARC_EF1_unrelaxed_rank_001_alphafold2_ptm_model_3_seed_000	RLI23623_1
MCD6529641_1_ARC_EF1_unrelaxed_rank_001_alphafold2_ptm_model_3_seed_000	MCD6529641
KPV63189_1_ARC_EF1_unrelaxed_rank_001_alphafold2_ptm_model_3_seed_000	KPV63189_1
MBE0513108_1_ARC_EF1_unrelaxed_rank_001_alphafold2_ptm_model_3_seed_000	MBE0513108
MCD6503969_1_ARC_EF1_unrelaxed_rank_001_alphafold2_ptm_model_3_seed_000	MCD6503969
UCF58801_1_ARC_EF1_unrelaxed_rank_001_alphafold2_ptm_model_3_seed_000	UCF58801_1
MBS7637097_1_ARC_EF1_unrelaxed_rank_001_alphafold2_ptm_model_3_seed_000	MBS7637097
MBS7639393_1_ARC_EF1_unrelaxed_rank_001_alphafold2_ptm_model_3_seed_000	MBS7639393
MCD6470365_1_ARC_EF1_unrelaxed_rank_001_alphafold2_ptm_model_3_seed_000	MCD6470365
MBS7606322_1_ARC_EF1_unrelaxed_rank_001_alphafold2_ptm_model_3_seed_000	MBS7606322
MBX5320506_1_ARC_EF1_unrelaxed_rank_001_alphafold2_ptm_model_3_seed_000	MBX5320506
MBS7616814_1_ARC_EF1_unrelaxed_rank_001_alphafold2_ptm_model_2_seed_000	MBS7616814
MDI6806027_1_ARC_EF1_unrelaxed_rank_001_alphafold2_ptm_model_2_seed_000	MDI6806027
NWF86893_1_ARC_EF1_unrelaxed_rank_001_alphafold2_ptm_model_2_seed_000	NWF86893_1
NWG11083_1_ARC_EF1_unrelaxed_rank_001_alphafold2_ptm_model_2_seed_000	NWG11083_1
HLE75400_1_ARC_EF1_unrelaxed_rank_001_alphafold2_ptm_model_2_seed_000	HLE75400_1
MCW4044215_1_ARC_EF1_unrelaxed_rank_001_alphafold2_ptm_model_3_seed_000	MCW4044215
MCJ7423408_1_ARC_EF1_unrelaxed_rank_001_alphafold2_ptm_model_3_seed_000	MCJ7423408
MDH7477304_1_ARC_EF1_unrelaxed_rank_001_alphafold2_ptm_model_3_seed_000	MDH7477304
MDH5482275_1_ARC_EF1_unrelaxed_rank_001_alphafold2_ptm_model_3_seed_000	MDH5482275
MDI6690488_1_ARC_EF1_unrelaxed_rank_001_alphafold2_ptm_model_3_seed_000	MDI6690488
HVP26997_1_ARC_EF1_unrelaxed_rank_001_alphafold2_ptm_model_2_seed_000	HVP26997_1
MCD6445430_1_ARC_EF1_unrelaxed_rank_001_alphafold2_ptm_model_2_seed_000	MCD6445430
RLI20448_1_ARC_EF1_unrelaxed_rank_001_alphafold2_ptm_model_2_seed_000	RLI20448_1
RLI42412_1_ARC_EF1_unrelaxed_rank_001_alphafold2_ptm_model_3_seed_000	RLI42412_1
MCD6432366_1_ARC_EF1_unrelaxed_rank_001_alphafold2_ptm_model_3_seed_000	MCD6432366
RJS68519_1_ARC_EF1_unrelaxed_rank_001_alphafold2_ptm_model_2_seed_000	RJS68519_1
MCJ7718490_1_ARC_EF1_unrelaxed_rank_001_alphafold2_ptm_model_3_seed_000	MCJ7718490
OGD46869_1_ARC_EF1_unrelaxed_rank_001_alphafold2_ptm_model_3_seed_000	OGD46869_1
MBS7647901_1_ARC_EF1_unrelaxed_rank_001_alphafold2_ptm_model_3_seed_000	MBS7647901
MCS7096386_1_ARC_EF1_unrelaxed_rank_001_alphafold2_ptm_model_3_seed_000	MCS7096386
MCS7115374_1_ARC_EF1_unrelaxed_rank_001_alphafold2_ptm_model_3_seed_000	MCS7115374
MCS7124282_1_ARC_EF1_unrelaxed_rank_001_alphafold2_ptm_model_3_seed_000	MCS7124282
MBS7608452_1_ARC_EF1_unrelaxed_rank_001_alphafold2_ptm_model_3_seed_000	MBS7608452
MDO8080630_1_ARC_EF1_unrelaxed_rank_001_alphafold2_ptm_model_3_seed_000	MDO8080630
RYE83110_1_ARC_EF1_unrelaxed_rank_001_alphafold2_ptm_model_2_seed_000	RYE83110_1
WP_206601707_BAC_EF1_unrelaxed_rank_001_alphafold2_ptm_model_4_seed_000	WP_2066017
AIM46989_1_EUK_EF1_unrelaxed_rank_001_alphafold2_ptm_model_3_seed_000	AIM46989_1
MDP2436508_1_ARC_EF1_unrelaxed_rank_001_alphafold2_ptm_model_3_seed_000	MDP2436508
OXK21882_1_BAC_EF1_unrelaxed_rank_001_alphafold2_ptm_model_4_seed_000	OXK21882_1
MBS7605727_1_ARC_EF1_unrelaxed_rank_001_alphafold2_ptm_model_3_seed_000	MBS7605727
MBS7641072_1_ARC_EF1_unrelaxed_rank_001_alphafold2_ptm_model_3_seed_000	MBS7641072
MCW4020957_1_ARC_EF1_unrelaxed_rank_001_alphafold2_ptm_model_3_seed_000	MCW4020957
MCK5587613_1_ARC_EF1_unrelaxed_rank_001_alphafold2_ptm_model_3_seed_000	MCK5587613
MDO8090803_1_ARC_EF1_unrelaxed_rank_001_alphafold2_ptm_model_3_seed_000	MDO8090803
HIP65053_1_ARC_EF1_unrelaxed_rank_001_alphafold2_ptm_model_3_seed_000	HIP65053_1
RLE51477_1_ARC_EF1_unrelaxed_rank_001_alphafold2_ptm_model_3_seed_000	RLE51477_1
MCC6010907_1_ARC_EF1_unrelaxed_rank_001_alphafold2_ptm_model_3_seed_000	MCC6010907
HIQ10497_1_ARC_EF1_unrelaxed_rank_001_alphafold2_ptm_model_3_seed_000	HIQ10497_1
WP_013143939_ARC_EF1_unrelaxed_rank_001_alphafold2_ptm_model_3_seed_000	WP_0131439
WP_014025778_ARC_EF1_unrelaxed_rank_001_alphafold2_ptm_model_3_seed_000	WP_0140257
HDI01644_1_ARC_EF1_unrelaxed_rank_001_alphafold2_ptm_model_3_seed_000	HDI01644_1
MCS7387069_1_ARC_EF1_unrelaxed_rank_001_alphafold2_ptm_model_3_seed_000	MCS7387069
MCR6623247_1_ARC_EF1_unrelaxed_rank_001_alphafold2_ptm_model_3_seed_000	MCR6623247
NHV11842_1_ARC_EF1_unrelaxed_rank_001_alphafold2_ptm_model_3_seed_000	NHV11842_1
HDJ26363_1_ARC_EF1_unrelaxed_rank_001_alphafold2_ptm_model_3_seed_000	HDJ26363_1
OYT53118_1_ARC_EF1_unrelaxed_rank_001_alphafold2_ptm_model_3_seed_000	OYT53118_1
MCS7366499_1_ARC_EF1_unrelaxed_rank_001_alphafold2_ptm_model_3_seed_000	MCS7366499
WP_304326875_ARC_EF1_unrelaxed_rank_001_alphafold2_ptm_model_3_seed_000	WP_3043268
WP_012123291_ARC_EF1_unrelaxed_rank_001_alphafold2_ptm_model_3_seed_000	WP_0121232
WP_075049695_ARC_EF1_unrelaxed_rank_001_alphafold2_ptm_model_3_seed_000	WP_0750496
UXD21493_1_ARC_EF1_unrelaxed_rank_001_alphafold2_ptm_model_3_seed_000	UXD21493_1
MCD6538370_1_ARC_EF1_unrelaxed_rank_001_alphafold2_ptm_model_3_seed_000	MCD6538370
MBN1244086_1_ARC_EF1_unrelaxed_rank_001_alphafold2_ptm_model_2_seed_000	MBN1244086
MCW4054097_1_ARC_EF1_unrelaxed_rank_001_alphafold2_ptm_model_3_seed_000	MCW4054097
HKM59883_1_ARC_EF1_unrelaxed_rank_001_alphafold2_ptm_model_3_seed_000	HKM59883_1
MBT0159077_1_ARC_EF1_unrelaxed_rank_001_alphafold2_ptm_model_3_seed_000	MBT0159077
MCW3998387_1_ARC_EF1_unrelaxed_rank_001_alphafold2_ptm_model_3_seed_000	MCW3998387
MCW4047969_1_ARC_EF1_unrelaxed_rank_001_alphafold2_ptm_model_3_seed_000	MCW4047969
MCW3995045_1_ARC_EF1_unrelaxed_rank_001_alphafold2_ptm_model_3_seed_000	MCW3995045
MCW4029353_1_ARC_EF1_unrelaxed_rank_001_alphafold2_ptm_model_3_seed_000	MCW4029353
KON33441_1_ARC_EF1_unrelaxed_rank_001_alphafold2_ptm_model_3_seed_000	KON33441_1
TRO48973_1_ARC_EF1_unrelaxed_rank_001_alphafold2_ptm_model_3_seed_000	TRO48973_1
MCW4008281_1_ARC_EF1_unrelaxed_rank_001_alphafold2_ptm_model_3_seed_000	MCW4008281
MCX8153337_1_ARC_EF1_unrelaxed_rank_001_alphafold2_ptm_model_3_seed_000	MCX8153337
MCX8150956_1_ARC_EF1_unrelaxed_rank_001_alphafold2_ptm_model_3_seed_000	MCX8150956
HIJ08159_1_ARC_EF1_unrelaxed_rank_001_alphafold2_ptm_model_3_seed_000	HIJ08159_1
TRO45528_1_ARC_EF1_unrelaxed_rank_001_alphafold2_ptm_model_3_seed_000	TRO45528_1
TRO44222_1_ARC_EF1_unrelaxed_rank_001_alphafold2_ptm_model_2_seed_000	TRO44222_1
HII85469_1_ARC_EF1_unrelaxed_rank_001_alphafold2_ptm_model_3_seed_000	HII85469_1
MDX1813437_1_ARC_EF1_unrelaxed_rank_001_alphafold2_ptm_model_3_seed_000	MDX1813437
BAJ93233_1_EUK_HUNKNOWN_unrelaxed_rank_001_alphafold2_ptm_model_5_seed_000	BAJ93233_1
BAK02186_1_EUK_HUNKNOWN_unrelaxed_rank_001_alphafold2_ptm_model_5_seed_000	BAK02186_1
KAK4337244_1_EUK_HUNKNOWN_unrelaxed_rank_001_alphafold2_ptm_model_3_seed_000	KAK4337244
NP_058941_EUK_EF2_unrelaxed_rank_001_alphafold2_ptm_model_5_seed_000	NP_058941_
XP_021061361_EUK_EF2_unrelaxed_rank_001_alphafold2_ptm_model_5_seed_000	XP_0210613
NP_001230968_EUK_EF2_unrelaxed_rank_001_alphafold2_ptm_model_5_seed_000	NP_0012309
BAE22047_1_EUK_HUNKNOWN_unrelaxed_rank_001_alphafold2_ptm_model_5_seed_000	BAE22047_1
BAE39335_1_EUK_HUNKNOWN_unrelaxed_rank_001_alphafold2_ptm_model_5_seed_000	BAE39335_1
XP_008835297_EUK_EF2_unrelaxed_rank_001_alphafold2_ptm_model_5_seed_000	XP_0088352
BAE35069_1_EUK_HUNKNOWN_unrelaxed_rank_001_alphafold2_ptm_model_5_seed_000	BAE35069_1
XP_028718561_EUK_EF2_unrelaxed_rank_001_alphafold2_ptm_model_5_seed_000	XP_0287185
7LS1_m_EUK_EF2_unrelaxed_rank_001_alphafold2_ptm_model_5_seed_000	7LS1_m_EUK
BAE26111_1_EUK_HUNKNOWN_unrelaxed_rank_001_alphafold2_ptm_model_5_seed_000	BAE26111_1
XP_005359060_EUK_EF2_unrelaxed_rank_001_alphafold2_ptm_model_5_seed_000	XP_0053590
WP_288165335_BAC_EF1_unrelaxed_rank_001_alphafold2_ptm_model_3_seed_000	WP_2881653
KAB1736318_1_BAC_EF1_unrelaxed_rank_001_alphafold2_ptm_model_4_seed_000	KAB1736318
WP_272579484_BAC_EF1_unrelaxed_rank_001_alphafold2_ptm_model_4_seed_000	WP_2725794
MDJ8948198_1_BAC_EF1_unrelaxed_rank_001_alphafold2_ptm_model_4_seed_000	MDJ8948198
XP_032706946_EUK_EF1_unrelaxed_rank_001_alphafold2_ptm_model_3_seed_000	XP_0327069
XP_037701071_EUK_EF1_unrelaxed_rank_001_alphafold2_ptm_model_3_seed_000	XP_0377010
CAA34756_1_EUK_HUNKNOWN_unrelaxed_rank_001_alphafold2_ptm_model_3_seed_000	CAA34756_1
XP_052493264_EUK_EF1_unrelaxed_rank_001_alphafold2_ptm_model_3_seed_000	XP_0524932
XP_054960677_EUK_EF1_unrelaxed_rank_001_alphafold2_ptm_model_3_seed_000	XP_0549606
XP_034806078_EUK_EF1_unrelaxed_rank_001_alphafold2_ptm_model_3_seed_000	XP_0348060
ATO94204_1_DUNKNOWN2_EF1_unrelaxed_rank_001_alphafold2_ptm_model_4_seed_000	ATO94204_1
XP_060994188_EUK_EF1_unrelaxed_rank_001_alphafold2_ptm_model_4_seed_000	XP_0609901
CAD7686258_1_EUK_HUNKNOWN_unrelaxed_rank_001_alphafold2_ptm_model_3_seed_000	CAD7686258
XP_045018726_EUK_EF1_unrelaxed_rank_001_alphafold2_ptm_model_4_seed_000	XP_0450187
KAF4020051_1_EUK_HUNKNOWN_unrelaxed_rank_001_alphafold2_ptm_model_3_seed_000	KAF4020051
XP_008059350_EUK_EF1_unrelaxed_rank_001_alphafold2_ptm_model_4_seed_000	XP_0080593
XP_048291674_EUK_EF1_unrelaxed_rank_001_alphafold2_ptm_model_4_seed_000	XP_0482916
AAA50406_1_EUK_EF1_unrelaxed_rank_001_alphafold2_ptm_model_4_seed_000	AAA50406_1
BAD96750_1_EUK_EF1_unrelaxed_rank_001_alphafold2_ptm_model_4_seed_000	BAD96750_1
XP_033033537_EUK_EF1_unrelaxed_rank_001_alphafold2_ptm_model_4_seed_000	XP_0330335
XP_035584312_EUK_EF1_unrelaxed_rank_001_alphafold2_ptm_model_4_seed_000	XP_0355843
XP_005073762_EUK_EF1_unrelaxed_rank_001_alphafold2_ptm_model_4_seed_000	XP_0050737
BAD96702_1_EUK_EF1_unrelaxed_rank_001_alphafold2_ptm_model_3_seed_000	BAD96702_1
XP_008535541_EUK_EF1_unrelaxed_rank_001_alphafold2_ptm_model_5_seed_000	XP_0085355
BAF85328_1_EUK_HUNKNOWN_unrelaxed_rank_001_alphafold2_ptm_model_3_seed_000	BAF85328_1
XP_044771283_EUK_EF1_unrelaxed_rank_001_alphafold2_ptm_model_3_seed_000	XP_0447712
XP_001915132_EUK_EF2_unrelaxed_rank_001_alphafold2_ptm_model_5_seed_000	XP_0019151
XP_032960950_EUK_EF1_unrelaxed_rank_001_alphafold2_ptm_model_3_seed_000	XP_0329609
XP_040839568_EUK_EF1_unrelaxed_rank_001_alphafold2_ptm_model_3_seed_000	XP_0408395
XP_049645753_EUK_EF1_unrelaxed_rank_001_alphafold2_ptm_model_3_seed_000	XP_0496457
POE75127_1_EUK_EF2_unrelaxed_rank_001_alphafold2_ptm_model_3_seed_000	POE75127_1
POF14432_1_EUK_EF2_unrelaxed_rank_001_alphafold2_ptm_model_5_seed_000	POF14432_1
MBE3048298_1_ARC_HUNKNOWN_unrelaxed_rank_001_alphafold2_ptm_model_3_seed_000	MBE3048298
BAJ86872_1_EUK_HUNKNOWN_unrelaxed_rank_001_alphafold2_ptm_model_5_seed_000	BAJ86872_1
MCO5565846_1_EUK_HUNKNOWN_unrelaxed_rank_001_alphafold2_ptm_model_5_seed_000	MCO5565846
BAJ87061_1_EUK_HUNKNOWN_unrelaxed_rank_001_alphafold2_ptm_model_5_seed_000	BAJ87061_1
BAJ97165_1_EUK_HUNKNOWN_unrelaxed_rank_001_alphafold2_ptm_model_5_seed_000	BAJ97165_1
MCP8719711_1_ARC_HUNKNOWN_unrelaxed_rank_001_alphafold2_ptm_model_5_seed_000	MCP8719711
KAG7397149_1_EUK_HUNKNOWN_unrelaxed_rank_001_alphafold2_ptm_model_5_seed_000	KAG7397149
KAH7476992_1_EUK_EF2_unrelaxed_rank_001_alphafold2_ptm_model_5_seed_000	KAH7476992
CCA25388_1_EUK_HUNKNOWN_unrelaxed_rank_001_alphafold2_ptm_model_5_seed_000	CCA25388_1
CAH0477731_1_EUK_HUNKNOWN_unrelaxed_rank_001_alphafold2_ptm_model_5_seed_000	CAH0477731
CAH0517155_1_EUK_HUNKNOWN_unrelaxed_rank_001_alphafold2_ptm_model_5_seed_000	CAH0517155
KAE8900141_1_EUK_EF2_unrelaxed_rank_001_alphafold2_ptm_model_5_seed_000	KAE8900141
KAE9038108_1_EUK_EF2_unrelaxed_rank_001_alphafold2_ptm_model_5_seed_000	KAE9038108
XP_004689401_EUK_EF2_unrelaxed_rank_001_alphafold2_ptm_model_5_seed_000	XP_0046894
XP_004441362_EUK_EF2_unrelaxed_rank_001_alphafold2_ptm_model_5_seed_000	XP_0044413
XP_058393527_EUK_EF2_unrelaxed_rank_001_alphafold2_ptm_model_5_seed_000	XP_0583935
P55823_3_EUK_EF2_unrelaxed_rank_001_alphafold2_ptm_model_5_seed_000	P55823_3_E
KAF0887276_1_EUK_EF2_unrelaxed_rank_001_alphafold2_ptm_model_4_seed_000	KAF0887276
XP_004714432_EUK_EF2_unrelaxed_rank_001_alphafold2_ptm_model_5_seed_000	XP_0047144
XP_006869001_EUK_EF2_unrelaxed_rank_001_alphafold2_ptm_model_5_seed_000	XP_0068690
XP_049979472_EUK_EF2_unrelaxed_rank_001_alphafold2_ptm_model_5_seed_000	XP_0499794
KAJ4456156_1_EUK_EF2_unrelaxed_rank_001_alphafold2_ptm_model_3_seed_000	KAJ4456156
XP_017502925_EUK_EF2_unrelaxed_rank_001_alphafold2_ptm_model_5_seed_000	XP_0175029
P09445_4_EUK_EF2_unrelaxed_rank_001_alphafold2_ptm_model_5_seed_000	P09445_4_E
XP_038167516_EUK_EF2_unrelaxed_rank_001_alphafold2_ptm_model_5_seed_000	XP_0381675
